1,-1.0168691,2.2112617,10.136711
11,-1.1198153,2.0867689,9.794355
22,-1.0862979,2.0843744,10.268387
32,-0.84928215,2.1322565,10.615532
41,-0.55720204,2.213656,10.735235
52,-0.2675161,2.4410954,10.629896
61,-0.099929206,2.577559,10.395273
71,0.13229838,2.7595105,10.060101
82,0.37889054,2.943856,10.17741
91,0.7380054,3.1760838,10.388092
101,0.8624985,3.377188,10.153469
111,0.7308231,3.6429331,9.794355
122,0.63984734,3.733909,9.564522
132,0.20172724,3.8464315,8.827139
141,0.003017038,3.958954,8.508724
151,-0.17175218,4.2630043,7.917382
162,-0.099929206,4.5287495,7.7833123
171,0.12272198,4.502414,7.7378244
181,0.21369773,4.224699,7.582208
191,0.12990427,3.8847368,7.697125
201,-0.17654037,3.6764503,8.128063
212,-0.32497448,3.6381447,8.688282
221,-0.3273686,3.5543513,9.3562355
231,-0.17893445,3.3891585,9.82069
242,0.062869504,3.1665072,9.715349
251,-0.008953452,2.9797676,9.765627
261,-0.080776416,2.941462,9.947578
271,-0.06641183,3.0037086,9.727322
282,-0.14781117,3.0276496,9.124008
291,-0.21245185,3.276636,8.707436
301,-0.34891546,3.5519574,8.633217
313,-0.33215678,3.7722142,8.791227
321,-0.21484593,3.8536136,8.958815
332,-0.20766366,3.786579,8.994726
341,-0.17175218,3.5687158,8.728981
351,-0.32018626,3.4633756,8.350714
362,-0.3082158,3.5328043,7.9604754
371,-0.3225804,3.3915524,7.8527417
381,-0.5835371,3.3245177,8.116093
391,-0.7726709,3.255089,8.403383
401,-0.6409955,3.1497486,8.470419
412,-0.39679745,3.1545367,8.470419
421,-0.18372267,3.1497486,8.396202
431,-0.030500345,2.8648508,8.283678
441,0.14426887,2.0819805,8.025116
451,0.48662502,0.76283216,7.7617655
462,0.6542119,1.2057405,8.408173
471,0.58957124,2.9606147,9.15992
481,0.4938073,4.9189873,9.624374
491,0.59435946,5.922115,9.796749
502,0.3046735,5.2158556,9.119221
511,1.1569725,2.699658,8.26692
521,1.508905,1.4307857,7.824012
531,1.4418703,1.9024231,8.271709
541,1.3269535,2.3812428,8.841503
552,1.240766,2.577559,9.67465
561,1.2120368,2.481795,10.103193
572,1.480176,2.386031,10.024189
581,1.7459208,2.673323,9.617191
591,2.4569683,3.2718475,9.657892
601,3.0937986,3.935013,9.96673
611,3.5055835,4.5742373,10.139107
622,3.56783,4.8663173,10.122347
631,3.3571496,4.7130947,10.11277
641,2.8256595,4.119358,10.196564
651,2.34684,3.7267263,10.045736
662,2.2462876,3.7482734,10.038553
671,2.2247407,3.6812384,10.1654415
681,2.06673,3.5447748,10.25881
691,1.9470252,3.6860268,10.294722
701,1.990119,3.788973,10.49822
712,2.34684,3.90389,10.615532
721,2.4426038,3.8847368,10.416821
731,2.229529,3.6429331,9.703381
741,2.1792529,4.076265,9.497486
751,1.9996953,4.152876,9.212589
762,1.8895668,3.8895252,8.743345
771,1.5974867,3.8536136,8.420143
781,1.5974867,4.160058,7.8335886
791,1.6740979,4.39468,7.3978624
802,1.2168251,3.9182541,6.339671
811,1.5448166,2.845698,5.173745
821,1.7339504,3.3005767,5.9949207
831,1.9973012,3.8967073,7.215911
841,1.8823844,3.6812384,5.7243876
852,2.064336,3.590263,6.126596
861,1.9230843,3.8847368,5.01334
871,1.9374489,4.63409,6.780185
881,-4.770816,4.677183,6.562322
892,-3.583343,5.050663,6.3731885
901,1.1641548,5.493571,4.28314
911,3.3284204,5.6563697,5.465825
921,3.9987679,5.90775,7.428986
931,4.757697,6.6379504,8.369867
942,3.8958216,6.1423717,8.6404
952,4.750515,4.8328,7.6372724
961,4.5134993,3.6142037,7.242246
971,3.5079775,3.719544,7.7306423
982,3.4577017,4.1792107,7.9508996
991,3.6252885,4.104994,8.776863
1001,3.689929,3.9661362,9.703381
1011,3.4170017,3.647721,11.08238
1022,3.4577017,3.6501153,11.345732
1034,3.711476,4.11457,11.431919
1042,3.711476,4.11457,11.431919
1051,1.820138,2.9989202,10.409639
1061,1.8368965,2.529677,10.445551
1071,2.2750168,2.4698246,10.766359
1081,2.83763,2.5895295,11.2427845
1091,3.3164499,2.7571163,11.226027
1102,3.4170017,2.891186,10.663412
1111,3.4385488,3.2933946,9.6554985
1121,3.4481254,3.5351985,8.810381
1131,3.7545698,3.4083114,8.930086
1141,3.7162642,3.305365,9.188648
1151,3.0123994,2.943856,9.066549
1161,2.5647027,2.261538,8.79841
1172,2.0954595,2.0245223,8.417749
1181,2.040395,2.0293102,8.422537
1191,2.0763066,1.9550934,8.673918
1201,2.7658072,1.7228658,8.994726
1212,3.273356,1.7444127,8.963602
1221,3.9006097,1.8353884,8.618853
1231,3.9891915,2.0652218,7.383498
1241,3.6252885,1.3374158,5.568771
1251,2.9286058,0.5018753,4.4650917
1262,1.238372,0.32710615,4.350175
1271,0.9534743,0.121213615,5.494554
1281,2.234317,-0.85797274,6.418676
1295,3.2494152,-2.414137,7.364345
1301,3.2949028,-3.0413907,6.7466674
1311,2.593432,-2.071781,5.1378336
1322,1.3963825,-0.06792016,4.771536
1331,0.5177483,1.8569353,5.130651
1342,0.34297907,3.0037086,4.9199705
1351,0.6063299,3.2119951,4.857724
1361,3.1464689,4.1456933,2.8418925
1371,4.865432,5.0626335,0.67283916
1388,6.110363,6.2884116,-1.414815
1400,6.328226,6.6571026,-0.21058327
1412,4.3435183,5.9125385,-0.6032155
1412,4.3435183,5.9125385,-0.6032155
1440,2.0739126,0.1906425,1.4341625
1440,2.0739126,0.1906425,1.4341625
1455,1.7626796,-4.7459893,0.18923119
1455,1.7626796,-4.7459893,0.18923119
1476,2.9764879,-5.469007,1.8651004
1476,2.9764879,-5.469007,1.8651004
1482,4.0442557,-5.423519,2.054234
1497,5.382557,-6.3237004,2.7557049
1503,6.883657,-6.4625583,3.3063478
1532,12.418813,-7.4824443,5.9685855
1532,12.418813,-7.4824443,5.9685855
1532,12.418813,-7.4824443,5.9685855
1545,13.606286,-7.9157763,7.239852
1557,15.267791,-8.080969,7.261399
1563,16.70425,-8.3347435,6.942984
1573,19.409582,-9.189436,6.485711
1592,25.65818,-11.176538,7.4265914
1592,25.65818,-11.176538,7.4265914
1604,29.99868,-11.523684,7.3451924
1649,30.393707,2.5608003,-9.660091
1649,30.393707,2.5608003,-9.660091
1649,30.393707,2.5608003,-9.660091
1649,30.393707,2.5608003,-9.660091
1689,22.725409,0.8131082,-17.764116
1689,22.725409,0.8131082,-17.764116
1689,22.725409,0.8131082,-17.764116
1689,22.725409,0.8131082,-17.764116
1702,22.725409,0.8131082,-17.764116
1702,22.725409,0.8131082,-17.764116
1726,10.031897,-7.14727,8.084969
1726,10.031897,-7.14727,8.084969
1769,4.221419,-2.39259,1.6209023
1769,4.221419,-2.39259,1.6209023
1769,4.221419,-2.39259,1.6209023
1769,4.221419,-2.39259,1.6209023
1808,5.262852,1.1554643,-3.7753963
1808,5.262852,1.1554643,-3.7753963
1808,5.262852,1.1554643,-3.7753963
1808,5.262852,1.1554643,-3.7753963
1852,8.119012,0.57609236,4.862512
1852,8.119012,0.57609236,4.862512
1852,8.119012,0.57609236,4.862512
1852,8.119012,0.57609236,4.862512
1852,8.119012,0.57609236,4.862512
1898,9.608141,1.1147647,3.9120548
1898,9.608141,1.1147647,3.9120548
1898,9.608141,1.1147647,3.9120548
1898,9.608141,1.1147647,3.9120548
1939,2.5910378,2.6852934,0.9170372
1939,2.5910378,2.6852934,0.9170372
1939,2.5910378,2.6852934,0.9170372
1939,2.5910378,2.6852934,0.9170372
1980,5.947564,-1.0135891,1.7070898
1980,5.947564,-1.0135891,1.7070898
1980,5.947564,-1.0135891,1.7070898
1980,5.947564,-1.0135891,1.7070898
2010,7.20686,-1.1955407,2.5282657
2010,7.20686,-1.1955407,2.5282657
2010,7.20686,-1.1955407,2.5282657
2048,4.0346794,-2.8426805,3.940784
2048,4.0346794,-2.8426805,3.940784
2048,4.0346794,-2.8426805,3.940784
2048,4.0346794,-2.8426805,3.940784
2091,3.56783,-3.2065835,-2.4873712
2091,3.56783,-3.2065835,-2.4873712
2091,3.56783,-3.2065835,-2.4873712
2091,3.56783,-3.2065835,-2.4873712
2091,3.56783,-3.2065835,-2.4873712
2132,16.328377,-6.651692,-0.48590463
2132,16.328377,-6.651692,-0.48590463
2132,16.328377,-6.651692,-0.48590463
2132,16.328377,-6.651692,-0.48590463
2179,12.325442,-6.565504,-0.23691839
2179,12.325442,-6.565504,-0.23691839
2179,12.325442,-6.565504,-0.23691839
2179,12.325442,-6.565504,-0.23691839
2218,3.2709618,-7.9397173,-0.7516496
2218,3.2709618,-7.9397173,-0.7516496
2218,3.2709618,-7.9397173,-0.7516496
2218,3.2709618,-7.9397173,-0.7516496
2258,9.10538,-6.7378798,0.90985495
2258,9.10538,-6.7378798,0.90985495
2258,9.10538,-6.7378798,0.90985495
2258,9.10538,-6.7378798,0.90985495
2299,13.378846,2.503342,-0.03341998
2299,13.378846,2.503342,-0.03341998
2299,13.378846,2.503342,-0.03341998
2299,13.378846,2.503342,-0.03341998
2339,9.615324,-4.635861,-0.93120706
2339,9.615324,-4.635861,-0.93120706
2339,9.615324,-4.635861,-0.93120706
2339,9.615324,-4.635861,-0.93120706
2378,9.768545,-0.6927799,-0.19382459
2378,9.768545,-0.6927799,-0.19382459
2378,9.768545,-0.6927799,-0.19382459
2378,9.768545,-0.6927799,-0.19382459
2419,4.2860594,-8.660341,3.4021118
2419,4.2860594,-8.660341,3.4021118
2419,4.2860594,-8.660341,3.4021118
2419,4.2860594,-8.660341,3.4021118
2441,-3.0494587,-14.276896,4.328628
2441,-3.0494587,-14.276896,4.328628
2441,-3.0494587,-14.276896,4.328628
2468,2.720319,-11.741547,-2.0779803
2468,2.720319,-11.741547,-2.0779803
2481,5.4495916,-10.005824,-2.434701
2481,5.4495916,-10.005824,-2.434701
2516,4.6834803,-5.725176,0.70396245
2516,4.6834803,-5.725176,0.70396245
2516,4.6834803,-5.725176,0.70396245
2536,3.5726182,-3.6566741,1.4676799
2536,3.5726182,-3.6566741,1.4676799
2561,4.3507004,-3.74765,1.0199834
2561,4.3507004,-3.74765,1.0199834
2561,4.3507004,-3.74765,1.0199834
2577,5.066536,-5.1649566,0.20838398
2589,5.234123,-6.1537194,0.10304364
2598,5.1599054,-6.721121,0.81409097
2612,4.628416,-7.046718,1.4389508
2612,4.628416,-7.046718,1.4389508
2625,3.9915855,-7.1041765,1.4628917
2636,3.2063212,-6.716333,0.90985495
2645,2.5623085,-5.9526153,0.40230596
2651,2.473727,-5.555195,-0.023843601
2674,2.0188482,-2.5817237,1.5562617
2674,2.0188482,-2.5817237,1.5562617
2696,0.7906755,-4.8633003,4.670984
2696,0.7906755,-4.8633003,4.670984
2707,0.11075148,-5.6365943,4.2472286
2717,-5.74282,-33.956387,2.054234
2723,-8.759384,-56.82003,0.5220109
2734,4.1567783,-46.752846,-3.524016
2744,9.502801,-21.399338,-4.038747
2755,6.6179123,-6.362006,0.15331972
2765,4.705027,-2.0238988,2.3127968
2782,0.52493054,-5.4067607,5.2192326
2782,0.52493054,-5.4067607,5.2192326
2803,0.15145116,-9.708956,0.31372434
2803,0.15145116,-9.708956,0.31372434
2838,1.1426079,-10.182987,1.8555238
2838,1.1426079,-10.182987,1.8555238
2838,1.1426079,-10.182987,1.8555238
2861,-0.15499347,-9.096067,2.4013784
2861,-0.15499347,-9.096067,2.4013784
2861,-0.15499347,-9.096067,2.4013784
2879,0.7858873,-10.041737,-0.16030723
2890,1.4753877,-9.790356,-0.002296701
2892,1.4753877,-9.790356,-0.002296701
2908,1.9829367,-9.005092,1.0199834
2915,2.1888294,-8.298832,1.2569993
2938,1.8105615,-8.598094,1.1037769
2938,1.8105615,-8.598094,1.1037769
2944,1.9254783,-8.6364,1.180388
2955,1.7770442,-8.995514,1.2713639
2962,1.7147976,-9.270836,1.22827
2973,1.820138,-9.4839115,1.2905166
2986,1.7674679,-9.359417,1.4604976
2995,1.4610231,-9.510246,1.4509213
3012,0.8601044,-10.34818,0.83563787
3012,0.8601044,-10.34818,0.83563787
3021,0.8696808,-11.521289,0.6991742
3033,1.2192192,-11.35849,1.1253238
3042,1.5615753,-10.250022,0.7853618
3053,2.1720705,-9.378571,-0.9503597
3072,2.1648884,-10.527739,-0.45956957
3072,2.1648884,-10.527739,-0.45956957
3092,2.3205047,-9.371388,0.68959785
3092,2.3205047,-9.371388,0.68959785
3114,2.5072443,-9.146343,-0.51942205
3114,2.5072443,-9.146343,-0.51942205
3131,2.887906,-9.888514,-0.40211117
3132,2.887906,-9.888514,-0.40211117
3151,3.6755645,-8.286861,0.500464
3151,3.6755645,-8.286861,0.500464
3164,2.8496006,-7.8559237,0.61538076
3177,2.114612,-7.951688,0.3640004
3186,1.7578913,-7.867894,0.20120169
3210,1.9805425,-6.6947856,-0.36380565
3210,1.9805425,-6.6947856,-0.36380565
3215,1.6860684,-7.774524,-1.1921637
3224,-0.035288535,-11.7750635,-1.6757717
3236,-1.0264454,-13.8292,0.31133023
3242,-0.7200008,-13.221099,1.1875703
3262,1.3676534,-5.9214916,-1.074853
3262,1.3676534,-5.9214916,-1.074853
3274,2.4761212,-3.0150557,-1.6709836
3293,6.206127,0.9399954,-0.014267206
3293,6.206127,0.9399954,-0.014267206
3308,4.5518045,-8.047451,-1.4555147
3317,2.500062,-14.537853,1.3096694
3327,1.6262159,-14.887391,1.300093
3352,-1.0048985,-12.778191,-0.93120706
3352,-1.0048985,-12.778191,-0.93120706
3352,-1.0048985,-12.778191,-0.93120706
3365,0.18736264,-11.674511,-1.8529351
3409,1.7890147,-9.153525,-1.1107644
3409,1.7890147,-9.153525,-1.1107644
3409,1.7890147,-9.153525,-1.1107644
3409,1.7890147,-9.153525,-1.1107644
3415,0.8361634,-11.368066,0.07910265
3437,0.43156072,-9.155919,0.89309627
3437,0.43156072,-9.155919,0.89309627
3441,1.0755732,-7.8774705,1.0726537
3453,2.2391052,-8.634006,0.9505546
3465,2.0116658,-9.474334,1.711878
3479,3.1680155,-7.951688,0.7135388
3483,3.7904813,-7.863106,0.009673789
3493,4.5518045,-8.950027,-0.8857192
3511,3.5654361,-11.174144,-0.24410069
3511,3.5654361,-11.174144,-0.24410069
3535,1.4466586,-11.772669,-1.4507265
3535,1.4466586,-11.772669,-1.4507265
3564,2.2678347,-12.301765,-1.3262333
3564,2.2678347,-12.301765,-1.3262333
3564,2.2678347,-12.301765,-1.3262333
3576,2.6748314,-12.787767,-0.979089
3584,3.1608334,-13.063088,-0.011873096
3594,3.7928753,-13.316863,1.0032247
3632,3.0794342,-13.180399,0.86436707
3632,3.0794342,-13.180399,0.86436707
3632,3.0794342,-13.180399,0.86436707
3632,3.0794342,-13.180399,0.86436707
3654,0.93671554,-11.971379,-1.5919783
3654,0.93671554,-11.971379,-1.5919783
3671,-0.46862042,-11.06641,-2.5879233
3671,-0.46862042,-11.06641,-2.5879233
3693,-0.7056362,-10.273963,-2.1498032
3693,-0.7056362,-10.273963,-2.1498032
3707,-0.23878694,-10.039341,-0.7755906
3719,0.64702964,-10.005824,0.21796039
3726,1.1282434,-10.403244,0.44061157
3742,1.5448166,-11.018528,0.5603165
3742,1.5448166,-11.018528,0.5603165
3756,1.4131413,-12.0503845,1.8004596
3767,1.9111137,-12.593845,2.43729
3776,0.8194047,-13.743012,2.2577324
3785,0.4962014,-13.623307,1.9105883
3803,0.031746224,-12.816496,0.11262003
3803,0.031746224,-12.816496,0.11262003
3815,0.87686306,-12.052778,-1.7356242
3821,1.2000663,-11.937862,-2.9494321
3845,0.90559226,-11.731969,-2.2934492
3845,0.90559226,-11.731969,-2.2934492
3854,1.1785195,-11.530866,-1.8242059
3863,1.5136933,-11.262726,-1.8170235
3872,1.7578913,-10.848547,-1.8888464
3886,1.9015373,-10.367333,-1.7619592
3898,1.8656259,-9.787961,-1.0844294
3909,1.820138,-9.328294,-0.7827729
3912,1.8799905,-8.830322,-0.42365807
3922,1.5879103,-8.473601,-0.17467183
3969,0.6446355,-5.701235,0.13177282
3969,0.6446355,-5.701235,0.13177282
3969,0.6446355,-5.701235,0.13177282
3969,0.6446355,-5.701235,0.13177282
3982,0.09399279,-5.7084174,0.27541876
3982,0.09399279,-5.7084174,0.27541876
3999,-0.28427482,-4.5568557,0.21556628
4005,-0.4638322,-4.276746,0.10064954
4050,-1.1964264,-3.4196584,-0.92881286
4050,-1.1964264,-3.4196584,-0.92881286
4050,-1.1964264,-3.4196584,-0.92881286
4050,-1.1964264,-3.4196584,-0.92881286
4053,-1.0192631,-3.4747226,-1.050912
4066,-0.6098722,-3.6183684,-1.4674851
4071,-0.49016732,-3.74765,-1.7475947
4087,-0.58593124,-3.8817196,-3.4474049
4101,-0.7870355,-4.322234,-5.7170105
4101,-0.7870355,-4.322234,-5.7170105
4115,-0.68887746,-5.0620103,-8.22842
4140,0.06047541,-8.183915,-11.247379
4140,0.06047541,-8.183915,-11.247379
4164,1.9589957,-10.850942,-11.723804
4164,1.9589957,-10.850942,-11.723804
4164,1.9589957,-10.850942,-11.723804
4176,1.168943,-11.229209,-11.685499
4182,0.77391684,-11.351308,-11.194708
4218,-1.5723001,-9.397723,-8.144627
4218,-1.5723001,-9.397723,-8.144627
4218,-1.5723001,-9.397723,-8.144627
4224,-1.8404391,-9.105643,-7.8094525
4235,-1.6967932,-8.344319,-7.014612
4247,-1.4238659,-7.7673416,-7.45752
4260,-1.3711957,-7.635667,-9.399134
4268,-1.5004771,-8.600489,-7.433579
4275,-1.7518574,-9.275624,-5.077786
4292,-3.588131,-11.636206,-2.9015503
4292,-3.588131,-11.636206,-2.9015503
4302,-3.6767128,-12.160513,-4.4768677
4316,0.20172724,-13.666401,-11.091763
4331,2.2414994,-12.435834,-6.9834886
4331,2.2414994,-12.435834,-6.9834886
4343,2.6556785,-11.566776,-0.23931247
4362,1.508905,-9.761626,2.3104026
4362,1.508905,-9.761626,2.3104026
4376,-0.40397975,-8.6100645,0.119802326
4393,-0.42073843,-8.11688,-0.26804167
4393,-0.42073843,-8.11688,-0.26804167
4426,3.536707,-9.488699,0.6512922
4426,3.536707,-9.488699,0.6512922
4426,3.536707,-9.488699,0.6512922
4445,3.996374,-10.465491,0.07192036
4445,3.996374,-10.465491,0.07192036
4452,3.4170017,-11.145415,-0.27043575
4464,2.330081,-11.289062,-1.3094746
4476,1.652551,-11.205268,-1.6949245
4483,1.3580768,-10.980222,-1.3980563
4491,0.86489254,-10.958675,-1.0987939
4513,0.022169828,-10.142288,-1.5871902
4513,0.022169828,-10.142288,-1.5871902
4522,0.101175085,-9.519822,-1.8266001
4536,-0.32018626,-9.675438,-1.8194177
4552,-0.071200036,-9.414482,-1.5728256
4552,-0.071200036,-9.414482,-1.5728256
4572,0.89362174,-8.894962,-1.8409646
4572,0.89362174,-8.894962,-1.8409646
4584,1.408353,-8.626823,-1.7523829
4597,1.8105615,-8.432901,-1.8601174
4603,1.9494194,-8.351502,-1.9870045
4617,2.2414994,-8.073787,-1.924758
4644,2.1217945,-7.9301405,-1.2759572
4644,2.1217945,-7.9301405,-1.2759572
4644,2.1217945,-7.9301405,-1.2759572
4657,1.750709,-8.059422,-1.244834
4663,1.5400283,-8.346714,-1.1897696
4674,1.4634172,-8.478389,-1.1035821
4698,1.9853307,-9.206195,-1.050912
4698,1.9853307,-9.206195,-1.050912
4704,2.0236363,-9.368994,-1.1107644
4713,2.3851454,-9.127191,-1.1897696
4736,2.0858831,-9.47194,-1.4483324
4736,2.0858831,-9.47194,-1.4483324
4752,1.7842264,-9.426453,-1.3310215
4752,1.7842264,-9.426453,-1.3310215
4763,1.7890147,-9.0793085,-1.8433585
4776,1.4753877,-9.3139305,-2.0660098
4788,1.2096426,-8.947632,-2.2192323
4795,1.0995142,-8.64837,-2.3197842
4811,1.1713372,-8.01154,-2.6190467
4811,1.1713372,-8.01154,-2.6190467
4827,1.3868061,-7.7314305,-2.1761382
4832,1.6597333,-7.5399027,-1.560855
4842,1.7626796,-7.432168,-1.3070805
4861,3.3523612,-7.2095165,1.6903311
4861,3.3523612,-7.2095165,1.6903311
4880,4.4536467,-7.805648,2.5019305
4885,4.7169976,-8.401778,2.2098505
4892,5.01626,-9.491094,1.6999075
4916,5.775189,-10.898823,-1.1059762
4916,5.775189,-10.898823,-1.1059762
4928,4.3842177,-11.480589,-2.022916
4933,3.656412,-11.585929,-2.314996
4942,2.1026416,-11.535653,-2.6717167
4954,0.32382625,-10.98501,-2.79621
4976,-1.2706436,-10.848547,0.21556628
4976,-1.2706436,-10.848547,0.21556628
4988,-0.049653128,-11.162174,1.831583
4993,0.5416892,-11.353703,1.9010117
5006,1.968572,-11.765488,1.2330582
5024,2.8903003,-12.378376,-1.0245769
5024,2.8903003,-12.378376,-1.0245769
5032,2.914241,-12.426258,-1.5895841
5047,3.7018995,-12.481322,-2.8847916
5052,4.077773,-12.66088,-3.0092847
5063,5.238911,-13.261798,-2.2742965
5076,7.374447,-15.069344,-0.6582798
5083,7.910725,-15.438034,-0.002296701
5092,8.1788645,-15.335088,0.10064954
5107,4.9348607,-15.002308,1.7669423
5113,3.321238,-14.547429,2.3367376
5122,0.09878099,-13.671189,2.391802
5133,-2.3168647,-11.770275,0.75184435
5155,-4.1363792,-10.151864,-2.267114
5155,-4.1363792,-10.151864,-2.267114
5167,-2.6233091,-10.522949,0.5172227
5172,-1.8476213,-11.217238,1.4509213
5181,-0.41834435,-12.43344,2.0805693
5193,0.8792572,-12.969718,1.6232964
5202,1.891961,-13.29771,0.98407197
5219,2.8184774,-14.516306,-0.1962187
5223,2.8711474,-14.537853,-0.2584653
5243,2.7370777,-13.953693,-0.56490993
5243,2.7370777,-13.953693,-0.56490993
5256,2.1792529,-13.084635,-0.3614115
5269,1.654945,-12.10066,-0.07172558
5277,1.0037503,-11.205268,-0.3781702
5289,0.18975675,-9.835843,-0.26085937
5292,0.23285052,-9.668256,-0.22973609
5309,0.6350591,-8.485572,0.43342924
5315,0.91995686,-8.07618,0.20359579
5327,1.4610231,-7.33401,-0.46675187
5334,1.676492,-7.0898123,-0.66067386
5346,1.9063255,-6.7881556,-1.0389415
5354,2.1624942,-6.5583224,-1.14907
5367,2.5910378,-6.4170704,-0.835443
5373,2.7083485,-6.668451,-0.7779847
5390,2.3324752,-6.3787646,-0.12439576
5413,0.95826244,-5.586318,0.03840296
5413,0.95826244,-5.586318,0.03840296
5413,0.95826244,-5.586318,0.03840296
5433,-0.15978166,-5.3181787,-0.06933147
5433,-0.15978166,-5.3181787,-0.06933147
5452,-1.0958743,-4.8321767,-0.3685938
5452,-1.0958743,-4.8321767,-0.3685938
5462,-1.2179735,-4.6598015,-0.737285
5482,-1.4813242,-4.41321,-1.9630635
5482,-1.4813242,-4.41321,-1.9630635
5498,-1.8356508,-4.350963,-2.7866335
5519,-1.9792968,-4.243229,-3.4162815
5519,-1.9792968,-4.243229,-3.4162815
5521,-1.9122621,-4.2121053,-3.4881046
5545,-1.3161315,-4.578402,-3.9693184
5545,-1.3161315,-4.578402,-3.9693184
5557,-0.8923759,-5.021311,-4.354768
5575,0.41240793,-6.599022,-6.6147976
5575,0.41240793,-6.599022,-6.6147976
5593,1.2982244,-8.258132,-10.622519
5593,1.2982244,-8.258132,-10.622519
5605,2.231923,-9.641921,-13.586412
5616,4.001162,-11.617053,-13.643871
5624,5.602814,-11.84928,-12.930429
5636,5.969111,-12.66088,-11.814779
5652,2.7586248,-12.945777,-10.012024
5652,2.7586248,-12.945777,-10.012024
5665,0.7858873,-11.372854,-7.9147925
5671,-0.056835435,-10.439157,-8.020134
5689,0.15623936,-8.370655,-8.879616
5692,0.36931416,-7.973234,-9.037624
5712,1.2503425,-6.4529815,-9.403921
5712,1.2503425,-6.4529815,-9.403921
5727,0.4962014,-9.656286,-4.345192
5763,-0.2603338,-17.568783,4.110765
5763,-0.2603338,-17.568783,4.110765
5763,-0.2603338,-17.568783,4.110765
5763,-0.2603338,-17.568783,4.110765
5772,1.580728,-21.219782,-19.9212
5786,0.92713916,-12.694397,-9.715155
5795,-1.9002916,-9.479122,7.1776056
5811,-6.8177705,-10.894035,9.492699
5811,-6.8177705,-10.894035,9.492699
5822,-5.405252,-8.830322,1.9943817
5832,-4.141168,-7.9636583,-2.8009982
5843,-0.8756172,-7.71946,1.2617874
5853,3.3092675,-8.796804,7.2326694
5882,6.8549275,-11.731969,0.3568181
5883,6.8549275,-11.731969,0.3568181
5883,6.8549275,-11.731969,0.3568181
5906,1.7578913,-10.159046,-6.969124
5906,1.7578913,-10.159046,-6.969124
5921,0.5177483,-9.57728,-3.1696892
5921,0.5177483,-9.57728,-3.1696892
5939,0.6254827,-9.347447,-0.5313925
5942,0.56084204,-9.349841,-0.28480035
5957,1.1976722,-8.605276,-0.34465283
5963,1.3293477,-8.246161,-0.90247786
5978,1.6429746,-8.028298,-1.2496221
5984,1.2766776,-8.001964,-1.4124209
6023,2.7107427,-8.528666,-2.5161004
6023,2.7107427,-8.528666,-2.5161004
6023,2.7107427,-8.528666,-2.5161004
6023,2.7107427,-8.528666,-2.5161004
6034,3.081828,-8.830322,-2.4370952
6044,2.9501526,-9.333082,-2.9709792
6058,2.9740937,-8.990726,-3.2247536
6063,2.914241,-9.019455,-3.1649013
6074,2.5670967,-9.07452,-3.0451963
6085,2.4234507,-8.859051,-2.360484
6092,1.9542074,-8.75371,-1.7260478
6104,1.4275057,-7.920564,-0.6965853
6130,0.14905706,-7.448927,-0.22494787
6130,0.14905706,-7.448927,-0.22494787
6134,0.09159869,-7.410621,-0.22734201
6148,0.18257445,-7.1855755,-0.057360977
6154,0.37649643,-7.4082274,0.026432484
6182,1.9446311,-8.478389,0.09586134
6182,1.9446311,-8.478389,0.09586134
6182,1.9446311,-8.478389,0.09586134
6214,2.6772254,-9.725716,-1.7930826
6214,2.6772254,-9.725716,-1.7930826
6214,2.6772254,-9.725716,-1.7930826
6226,2.840024,-9.89809,-2.192897
6232,2.9716995,-9.979489,-2.2503555
6243,2.98367,-10.173411,-2.0013692
6254,2.9645174,-10.269176,-1.5440962
6265,2.7658072,-10.364939,-0.9647244
6274,2.4952738,-10.48225,-0.24170658
6286,2.5575206,-10.34818,0.16050202
6331,1.9350547,-11.274696,-0.41168755
6331,1.9350547,-11.274696,-0.41168755
6331,1.9350547,-11.274696,-0.41168755
6331,1.9350547,-11.274696,-0.41168755
6331,1.9350547,-11.274696,-0.41168755
6349,0.9678388,-11.468618,-0.6127919
6389,3.99398,-13.8292,-1.9965811
6389,3.99398,-13.8292,-1.9965811
6389,3.99398,-13.8292,-1.9965811
6389,3.99398,-13.8292,-1.9965811
6395,4.879796,-14.207467,-1.8577232
6407,5.626755,-14.509124,-1.4100268
6444,2.373175,-13.568243,0.12698463
6444,2.373175,-13.568243,0.12698463
6444,2.373175,-13.568243,0.12698463
6444,2.373175,-13.568243,0.12698463
6456,0.5728125,-12.110237,0.004885584
6465,-0.5452316,-10.8198185,-0.19382459
6482,-1.3304961,-9.443212,-1.536914
6482,-1.3304961,-9.443212,-1.536914
6493,-1.7781924,-9.256472,-1.0317591
6506,-1.6991872,-9.649103,0.25866008
6512,-1.0312337,-10.288328,0.94816047
6537,1.5256639,-12.25149,-0.13876036
6537,1.5256639,-12.25149,-0.13876036
6554,2.2726228,-13.477267,-1.414815
6554,2.2726228,-13.477267,-1.414815
6566,1.9542074,-14.49476,-1.7882944
6578,1.9566016,-14.71741,-1.6949245
6589,2.1648884,-14.379842,-1.5560668
6602,1.5400283,-13.901023,-1.44115
6602,1.5400283,-13.901023,-1.44115
6614,0.79306966,-12.72552,-1.0485178
6625,0.096386895,-11.528471,-0.5313925
6669,0.57999486,-8.203068,-0.5266043
6669,0.57999486,-8.203068,-0.5266043
6669,0.57999486,-8.203068,-0.5266043
6669,0.57999486,-8.203068,-0.5266043
6673,0.77391684,-7.843953,-0.5936391
6683,1.1569725,-7.197546,-0.7755906
6694,1.5903045,-6.6492977,-0.53378665
6705,1.654945,-5.9837384,-0.44520497
6730,0.62308866,-4.841753,-0.057360977
6730,0.62308866,-4.841753,-0.057360977
6735,0.36452594,-4.65262,0.09825544
6742,0.06526361,-4.432362,0.10304364
6759,-0.6194486,-4.0110006,0.23711318
6766,-0.9474402,-3.7883494,0.057555765
6781,-1.2036088,-3.5944276,-0.059755087
6781,-1.2036088,-3.5944276,-0.059755087
6792,-1.2275498,-3.5728807,-0.3853525
6803,-1.062357,-3.627945,-0.8258667
6819,-0.64338964,-4.032548,-1.6494366
6838,-0.7654887,-4.4012394,-3.3683996
6838,-0.7654887,-4.4012394,-3.3683996
6843,-0.9426519,-4.494609,-3.7753963
6855,-1.5411767,-4.796265,-4.519961
6861,-1.9194443,-5.0667987,-4.8934407
6880,-2.8483543,-5.988527,-5.8127747
6888,-3.025518,-6.8599787,-6.4759393
6898,-2.6089447,-8.215038,-8.199692
6902,-2.2641945,-9.124796,-9.511658
6914,-0.9115287,-11.281879,-12.49231
6924,1.4131413,-12.905078,-13.485861
6939,5.9571404,-14.537853,-13.648661
6951,5.844618,-15.505069,-12.166712
6951,5.844618,-15.505069,-12.166712
6974,0.14187476,-11.626629,-9.473351
6974,0.14187476,-11.626629,-9.473351
7010,-4.114833,-5.749117,-5.8175626
7011,-4.114833,-5.749117,-5.8175626
7011,-4.114833,-5.749117,-5.8175626
7011,-4.114833,-5.749117,-5.8175626
7033,-2.1420953,-5.7969985,-7.0505233
7033,-2.1420953,-5.7969985,-7.0505233
7046,-2.4150226,-10.491826,-4.4313793
7059,0.16581574,-13.762165,0.062343955
7069,1.2910421,-18.679642,0.3640004
7087,7.199678,-16.970257,-12.858606
7087,7.199678,-16.970257,-12.858606
7094,7.2667127,-13.082241,-8.4391
7139,-6.5783606,-6.268636,-3.5575333
7139,-6.5783606,-6.268636,-3.5575333
7139,-6.5783606,-6.268636,-3.5575333
7139,-6.5783606,-6.268636,-3.5575333
7141,-6.518508,-6.036409,-3.5934448
7153,-4.5649233,-6.06035,0.5627106
7168,-0.23399875,-6.5702925,2.4755955
7171,0.6542119,-6.7642145,2.5067186
7191,6.5532713,-9.546157,2.8323162
7191,6.5532713,-9.546157,2.8323162
7238,5.2317286,-11.621841,-2.5974998
7239,5.2317286,-11.621841,-2.5974998
7239,5.2317286,-11.621841,-2.5974998
7239,5.2317286,-11.621841,-2.5974998
7243,4.6739035,-11.5979,-2.8632448
7289,-0.90434635,-8.708223,-2.386819
7289,-0.90434635,-8.708223,-2.386819
7289,-0.90434635,-8.708223,-2.386819
7289,-0.90434635,-8.708223,-2.386819
7313,-0.8540703,-7.9157763,-1.1131585
7313,-0.8540703,-7.9157763,-1.1131585
7313,-0.8540703,-7.9157763,-1.1131585
7358,2.0930653,-8.030692,-0.955148
7359,2.0930653,-8.030692,-0.955148
7359,2.0930653,-8.030692,-0.955148
7359,2.0930653,-8.030692,-0.955148
7366,2.6245553,-8.282073,-0.9647244
7371,2.9764879,-8.35629,-0.93360114
7382,3.7737226,-8.839898,-0.94557166
7395,4.0418615,-9.036214,-1.2591985
7407,3.8670926,-8.882992,-1.2376516
7418,3.3116615,-8.835111,-1.0820353
7431,2.7251074,-8.531059,-0.71094996
7431,2.7251074,-8.531059,-0.71094996
7444,1.9039315,-8.341926,-0.32310593
7452,1.3149831,-8.054633,0.012067884
7467,1.5352402,-8.045057,-0.4140817
7473,1.5879103,-7.9229584,-0.7755906
7512,2.4234507,-9.2852,-1.7978708
7512,2.4234507,-9.2852,-1.7978708
7512,2.4234507,-9.2852,-1.7978708
7512,2.4234507,-9.2852,-1.7978708
7526,2.9788818,-9.725716,-2.482583
7535,3.7162642,-9.359417,-2.0348866
7554,3.345179,-10.712083,-2.4466715
7554,3.345179,-10.712083,-2.4466715
7574,2.6963782,-10.16144,-1.4818498
7574,2.6963782,-10.16144,-1.4818498
7583,2.2486818,-10.16144,-1.3645389
7596,2.181647,-10.039341,-0.8282608
7612,3.053099,-10.312269,0.1916253
7612,3.053099,-10.312269,0.1916253
7624,3.7928753,-10.566043,0.7159329
7632,4.022709,-10.69293,0.8907021
7643,3.8910336,-10.601955,1.0295599
7657,3.1632276,-10.343392,0.7566326
7673,2.1361592,-10.398457,-0.28001216
7673,2.1361592,-10.398457,-0.28001216
7684,1.5759398,-10.822212,-1.5919783
7696,1.8105615,-11.348913,-2.8823974
7709,2.6796196,-12.079114,-3.478528
7715,3.4313667,-12.586663,-3.3683996
7729,5.408892,-13.544302,-2.338937
7733,5.7368836,-13.733437,-2.0564334
7744,7.0919437,-14.08058,-0.883325
7769,4.6978445,-13.027177,0.014461979
7769,4.6978445,-13.027177,0.014461979
7809,-1.5866646,-9.86936,-0.27043575
7809,-1.5866646,-9.86936,-0.27043575
7809,-1.5866646,-9.86936,-0.27043575
7809,-1.5866646,-9.86936,-0.27043575
7817,-2.5131807,-10.032159,-0.07172558
7822,-2.8220193,-10.259599,0.5698929
7836,-2.6951323,-11.406372,2.073387
7858,-0.6481778,-13.805259,0.07192036
7858,-0.6481778,-13.805259,0.07192036
7864,-0.1334466,-14.257743,-0.4619637
7907,2.4114807,-15.545769,-2.0588274
7907,2.4114807,-15.545769,-2.0588274
7907,2.4114807,-15.545769,-2.0588274
7907,2.4114807,-15.545769,-2.0588274
7916,2.2558641,-15.110044,-1.6470425
7925,2.207982,-14.688682,-1.1227349
7936,2.2438936,-13.3455925,-1.2113166
7945,1.9350547,-11.899556,-1.4339677
7960,1.5041169,-10.14947,-1.3358097
7968,1.6046691,-8.823139,-0.713344
7972,1.5448166,-8.593307,-0.6271565
8019,2.131371,-4.9542756,-0.5960332
8019,2.131371,-4.9542756,-0.5960332
8019,2.131371,-4.9542756,-0.5960332
8019,2.131371,-4.9542756,-0.5960332
8031,2.0475774,-4.4395447,0.1724725
8031,2.0475774,-4.4395447,0.1724725
8043,1.6693097,-4.240834,0.61777484
8058,0.89841,-3.941572,0.73269165
8064,0.66857654,-3.8529902,0.70156837
8078,0.089204594,-3.965513,0.51243454
8082,0.007805236,-3.9774835,0.45258206
8129,-0.7894296,-4.6693783,-2.2312028
8129,-0.7894296,-4.6693783,-2.2312028
8129,-0.7894296,-4.6693783,-2.2312028
8129,-0.7894296,-4.6693783,-2.2312028
8141,-0.49734962,-4.9710345,-3.0787134
8141,-0.49734962,-4.9710345,-3.0787134
8153,-0.27709252,-5.246356,-3.7346969
8164,-0.38243288,-5.586318,-4.445744
8175,-0.7152125,-5.8161516,-5.082574
8195,-1.1988206,-6.297365,-6.2820177
8195,-1.1988206,-6.297365,-6.2820177
8207,-0.88758767,-6.9341955,-6.531004
8221,0.35016134,-8.231797,-6.847025
8221,0.35016134,-8.231797,-6.847025
8234,1.3987765,-9.395329,-8.695269
8249,2.1241887,-10.42958,-11.678316
8263,3.1225278,-11.308214,-11.977579
8263,3.1225278,-11.308214,-11.977579
8285,4.0107384,-11.822946,-10.337622
8285,4.0107384,-11.822946,-10.337622
8308,2.2726228,-10.396062,-8.360094
8308,2.2726228,-10.396062,-8.360094
8317,1.5232697,-9.60601,-6.875754
8359,-0.9570165,-6.946166,-5.8175626
8359,-0.9570165,-6.946166,-5.8175626
8359,-0.9570165,-6.946166,-5.8175626
8359,-0.9570165,-6.946166,-5.8175626
8361,-0.9570165,-6.946166,-5.8175626
8374,-1.6369407,-10.218899,-5.367472
8386,0.09159869,-11.214844,-3.4474049
8392,0.6901234,-11.698452,-3.040408
8412,2.1265826,-14.351113,-4.376315
8412,2.1265826,-14.351113,-4.376315
8424,1.3796238,-15.107648,-6.7919607
8442,-1.8212863,-13.367139,-5.2142496
8442,-1.8212863,-13.367139,-5.2142496
8461,-3.4444852,-11.078381,3.6415215
8461,-3.4444852,-11.078381,3.6415215
8472,-2.812443,-9.117613,2.8347104
8485,-2.1444895,-7.5782084,0.44061157
8499,-0.2866689,-7.0060186,0.64410996
8502,0.19215083,-7.0874176,1.1109592
8514,3.3571496,-7.975629,3.9383898
8532,6.1893682,-9.572493,3.3087418
8532,6.1893682,-9.572493,3.3087418
8574,2.3635986,-10.680961,-3.5168338
8574,2.3635986,-10.680961,-3.5168338
8574,2.3635986,-10.680961,-3.5168338
8574,2.3635986,-10.680961,-3.5168338
8592,0.84573984,-10.518161,-1.5536728
8592,0.84573984,-10.518161,-1.5536728
8609,0.2567915,-9.716138,-1.6207075
8616,0.77870506,-9.601221,-1.5871902
8622,0.8313752,-9.452787,-1.6135252
8636,0.97741526,-8.947632,-0.87614274
8642,1.0229031,-8.744134,-0.7013736
8657,0.92953324,-8.294044,-1.0437297
8672,1.0037503,-8.0354805,-1.6207075
8672,1.0037503,-8.0354805,-1.6207075
8693,1.1809136,-8.061816,-2.1498032
8693,1.1809136,-8.061816,-2.1498032
8705,1.6693097,-8.487966,-1.898423
8728,2.9501526,-8.873415,-1.778718
8728,2.9501526,-8.873415,-1.778718
8769,2.8998766,-8.732164,-1.7859002
8769,2.8998766,-8.732164,-1.7859002
8769,2.8998766,-8.732164,-1.7859002
8769,2.8998766,-8.732164,-1.7859002
8771,2.787354,-8.696252,-1.7188655
8787,1.822532,-8.559789,-1.4243914
8798,1.6333982,-8.478389,-1.3956621
8801,1.5543929,-8.44966,-1.3812976
8812,1.3173772,-8.672311,-1.3334156
8825,1.5208756,-8.5143,-1.2591985
8835,1.8752022,-8.200674,-0.94557166
8848,2.2606523,-8.284467,-0.68940306
8858,2.1481295,-8.155186,-0.9575422
8869,2.1553118,-8.200674,-1.0054241
8872,2.1194005,-8.164762,-0.9120543
8883,2.2558641,-8.521483,-0.6103978
8894,2.5120325,-8.959603,-0.9575422
8905,3.3284204,-9.012273,-1.9558814
8922,4.1663547,-9.378571,-3.3181236
8922,4.1663547,-9.378571,-3.3181236
8935,4.439282,-9.237318,-3.0092847
8943,4.211843,-9.740079,-1.7236538
8953,3.977221,-9.974701,-0.16030723
8964,3.6085298,-9.835843,0.960131
8982,2.4210567,-9.826267,0.7159329
8982,2.4210567,-9.826267,0.7159329
8997,1.8297143,-9.80472,0.055161655
9018,1.3485005,-10.264387,-0.66306794
9018,1.3485005,-10.264387,-0.66306794
9024,1.4179293,-10.487039,-0.7660142
9051,1.3963825,-11.35849,-1.0389415
9051,1.3963825,-11.35849,-1.0389415
9051,1.3963825,-11.35849,-1.0389415
9066,1.4610231,-12.095872,-1.802659
9075,2.3995101,-12.39753,-2.5639822
9084,3.5702243,-12.735097,-3.2893941
9098,5.777583,-13.527543,-2.7866335
9138,5.9978404,-14.269714,-0.20100692
9138,5.9978404,-14.269714,-0.20100692
9138,5.9978404,-14.269714,-0.20100692
9138,5.9978404,-14.269714,-0.20100692
9142,5.217364,-14.061427,0.1581079
9152,3.6181064,-13.247435,0.6776273
9171,0.2735502,-11.964197,0.42385286
9171,0.2735502,-11.964197,0.42385286
9219,-0.42792076,-12.751855,0.28978336
9219,-0.42792076,-12.751855,0.28978336
9219,-0.42792076,-12.751855,0.28978336
9219,-0.42792076,-12.751855,0.28978336
9221,-0.19329906,-13.024783,-0.10045475
9232,1.5136933,-13.889052,-1.101188
9245,3.2111094,-14.145221,-1.6183134
9252,3.8862453,-14.305625,-1.6494366
9266,5.4639564,-13.551484,-1.6254957
9283,6.0433283,-12.5363865,-0.26325348
9283,6.0433283,-12.5363865,-0.26325348
9296,5.7368836,-11.0304985,1.4126157
9314,5.305946,-8.684282,2.367861
9314,5.305946,-8.684282,2.367861
9322,4.0825615,-8.155186,2.0614164
9336,3.17041,-6.239907,1.3407928
9355,2.2917755,-5.801787,-0.28480035
9355,2.2917755,-5.801787,-0.28480035
9374,3.1584394,-6.582263,-1.8912406
9374,3.1584394,-6.582263,-1.8912406
9383,3.2853265,-7.805648,-1.2376516
9422,3.0794342,-8.626823,-2.6214406
9422,3.0794342,-8.626823,-2.6214406
9422,3.0794342,-8.626823,-2.6214406
9422,3.0794342,-8.626823,-2.6214406
9433,2.911847,-9.330688,-3.7969432
9445,3.1895626,-8.859051,-3.3588233
9452,2.830448,-9.335476,-3.109837
9493,1.5328461,-7.1999407,-0.035814077
9493,1.5328461,-7.1999407,-0.035814077
9493,1.5328461,-7.1999407,-0.035814077
9493,1.5328461,-7.1999407,-0.035814077
9504,1.3844119,-6.589445,-0.24410069
9531,0.9462919,-6.0196495,-1.6709836
9531,0.9462919,-6.0196495,-1.6709836
9531,0.9462919,-6.0196495,-1.6709836
9543,0.438743,-5.8736095,-2.3054197
9552,0.046110816,-5.861639,-2.604682
9561,-0.18372267,-5.840092,-2.7435398
9576,-0.58593124,-6.055561,-3.136172
9585,-0.5907194,-6.220754,-3.38037
9612,0.29270297,-7.1113586,-4.6085424
9612,0.29270297,-7.1113586,-4.6085424
9612,0.29270297,-7.1113586,-4.6085424
9636,1.820138,-7.9684463,-7.5077963
9636,1.820138,-7.9684463,-7.5077963
9672,2.8065069,-10.036947,-8.977774
9672,2.8065069,-10.036947,-8.977774
9672,2.8065069,-10.036947,-8.977774
9672,2.8065069,-10.036947,-8.977774
9686,1.7842264,-10.053706,-9.107054
9699,1.094726,-9.768808,-7.670595
9709,0.59675354,-9.342659,-7.0553117
9713,0.42198431,-9.084096,-6.9739127
9729,0.3334027,-8.526271,-6.186254
9734,0.5033837,-8.346714,-5.4799943
9746,0.80025196,-8.339532,-5.3818364
9761,1.6693097,-8.885386,-6.5956445
9761,1.6693097,-8.885386,-6.5956445
9776,3.2398386,-9.85739,-5.321984
9782,3.4409428,-10.491826,-4.424197
9800,3.685141,-11.937862,-5.1184855
9809,4.8869786,-12.732703,-3.8974953
9812,5.073718,-12.881137,-3.1313837
9836,0.6733647,-14.949638,-2.7315693
9836,0.6733647,-14.949638,-2.7315693
9845,0.01738163,-12.421471,-0.46675187
9872,-3.252957,-11.2651205,-1.9846106
9872,-3.252957,-11.2651205,-1.9846106
9872,-3.252957,-11.2651205,-1.9846106
9884,-0.5021378,-9.170284,-1.4818498
9908,4.0610147,-7.0778418,3.8378377
9908,4.0610147,-7.0778418,3.8378377
9916,5.2987638,-7.6380606,4.3860865
9926,6.4335666,-9.012273,4.156253
9944,7.712015,-10.142288,2.5234776
9944,7.712015,-10.142288,2.5234776
9951,7.5755515,-10.288328,0.6848096
9963,5.727307,-11.269908,-0.7779847
9973,3.5510716,-11.363278,-0.49308693
9986,2.038001,-11.506925,-1.4363619
9997,1.0181149,-10.020189,-2.3317547
10027,-0.33215678,-9.17986,-3.016467
10027,-0.33215678,-9.17986,-3.016467
10027,-0.33215678,-9.17986,-3.016467
10034,0.2759443,-9.742474,-2.8752153
10048,1.5567871,-9.768808,-1.7835062
10063,1.5448166,-11.222026,-1.7643534
10063,1.5448166,-11.222026,-1.7643534
10075,3.5606477,-9.242107,-0.79234934
10086,3.5271306,-9.222954,0.08628495
10099,2.4378157,-9.304353,0.27302465
10110,1.1114846,-7.6763663,0.5674988
10117,0.72364074,-8.162368,-0.5242103
10134,0.7667346,-6.634933,-1.5249435
10134,0.7667346,-6.634933,-1.5249435
10143,0.010199331,-7.3268275,-1.898423
10159,-0.18851086,-7.2885222,-1.4818498
10184,1.0875437,-7.695519,0.3568181
10184,1.0875437,-7.695519,0.3568181
10184,1.0875437,-7.695519,0.3568181
10193,1.7531033,-7.7386127,0.6776273
10203,2.0116658,-8.224615,0.24429546
10215,1.6453687,-8.047451,0.3975178
10233,0.8624985,-8.183915,0.44779387
10233,0.8624985,-8.183915,0.44779387
10244,1.0229031,-8.255738,0.48370534
10265,0.76434046,-8.29165,-0.30634725
10265,0.76434046,-8.29165,-0.30634725
10277,0.42437842,-8.023511,-0.8857192
10315,1.5112993,-9.067337,-0.9264189
10315,1.5112993,-9.067337,-0.9264189
10315,1.5112993,-9.067337,-0.9264189
10315,1.5112993,-9.067337,-0.9264189
10328,3.127316,-9.749655,-1.3812976
10334,3.3188438,-10.068071,-1.6207075
10346,4.9157076,-10.9491,-1.4603028
10361,6.014599,-11.806187,-1.2304693
10361,6.014599,-11.806187,-1.2304693
10375,6.0840282,-12.833255,-1.1825874
10389,5.167088,-13.192369,-1.3094746
10394,4.6715097,-13.24504,-1.4124209
10406,3.4529133,-13.278557,-1.8170235
10423,2.3252928,-12.984083,-1.5440962
10423,2.3252928,-12.984083,-1.5440962
10453,3.996374,-13.910599,-2.2072618
10453,3.996374,-13.910599,-2.2072618
10453,3.996374,-13.910599,-2.2072618
10471,5.8996825,-14.420542,-1.0461237
10471,5.8996825,-14.420542,-1.0461237
10496,4.7361507,-13.106182,0.28738925
10496,4.7361507,-13.106182,0.28738925
10502,3.6588058,-12.562722,0.21796039
10525,1.5376344,-10.9084,0.7231152
10525,1.5376344,-10.9084,0.7231152
10538,0.9247451,-10.422398,0.122196436
10544,1.2024604,-10.467885,-0.15073082
10554,2.4330273,-11.049651,-1.5249435
10566,3.0411284,-12.292189,-2.291055
10585,2.6149788,-14.267321,1.8746767
10585,2.6149788,-14.267321,1.8746767
10624,4.5494103,-14.808386,1.2234819
10624,4.5494103,-14.808386,1.2234819
10624,4.5494103,-14.808386,1.2234819
10624,4.5494103,-14.808386,1.2234819
10642,3.5079775,-13.915387,-0.39492887
10642,3.5079775,-13.915387,-0.39492887
10662,2.3588104,-12.51484,-0.9264189
10662,2.3588104,-12.51484,-0.9264189
10671,1.7076154,-11.70324,-0.4260522
10681,1.1617608,-10.666595,-0.08609015
10701,0.84573984,-9.3259,-0.90247786
10701,0.84573984,-9.3259,-0.90247786
10719,1.7890147,-8.267709,-1.0437297
10724,1.9805425,-8.241374,-0.809108
10745,2.34684,-7.29331,-0.15791312
10745,2.34684,-7.29331,-0.15791312
10763,2.2534697,-6.8168845,0.08628495
10763,2.2534697,-6.8168845,0.08628495
10781,2.4761212,-6.318912,0.20598988
10781,2.4761212,-6.318912,0.20598988
10796,2.1289768,-6.0148616,0.04558526
10815,1.0396618,-5.1553802,0.1796548
10815,1.0396618,-5.1553802,0.1796548
10831,0.115539685,-4.5520673,0.12937874
10831,0.115539685,-4.5520673,0.12937874
10851,-1.1269977,-3.9559364,-0.18664232
10851,-1.1269977,-3.9559364,-0.18664232
10862,-1.5579355,-3.659068,-0.66067386
10878,-1.8428332,-3.7165267,-1.5081849
10883,-1.8045275,-3.632733,-1.898423
10895,-1.8188921,-3.6470978,-2.8536682
10927,-1.4861125,-5.4354897,-5.242979
10927,-1.4861125,-5.4354897,-5.242979
10927,-1.4861125,-5.4354897,-5.242979
10951,0.90080404,-7.779312,-6.502275
10951,0.90080404,-7.779312,-6.502275
10951,0.90080404,-7.779312,-6.502275
10972,1.6381865,-9.282806,-10.179609
10972,1.6381865,-9.282806,-10.179609
11018,3.3834846,-10.173411,-10.943329
11018,3.3834846,-10.173411,-10.943329
11018,3.3834846,-10.173411,-10.943329
11018,3.3834846,-10.173411,-10.943329
11023,3.613318,-9.981883,-9.91626
11038,3.010005,-9.098461,-7.4599147
11044,2.1696765,-8.540636,-6.9356065
11068,-1.4980829,-6.8504024,-6.9595475
11068,-1.4980829,-6.8504024,-6.9595475
11071,-1.7327045,-6.725909,-6.9260306
11082,-2.4317815,-6.0388026,-6.214983
11094,-2.5107868,-7.2143054,-5.240585
11106,-1.5100534,-8.535848,-2.9614027
11121,-1.744675,-11.231604,-0.22015968
11121,-1.744675,-11.231604,-0.22015968
11134,-1.2897964,-13.675977,-8.779062
11142,-0.14781117,-15.026249,-13.428402
11157,0.20890954,-15.076525,-8.120686
11162,-0.14062887,-14.382237,-4.835982
11178,0.0796282,-12.845225,3.0645437
11200,1.6333982,-10.427185,0.43582338
11200,1.6333982,-10.427185,0.43582338
11205,2.040395,-10.077647,-0.567304
11213,2.4497862,-9.768808,-1.0102123
11229,4.5374403,-9.148737,0.766209
11235,4.851067,-9.124796,0.66805094
11259,3.4816425,-9.515035,-1.4052386
11259,3.4816425,-9.515035,-1.4052386
11262,3.2781441,-9.519822,-1.3884798
11274,2.061942,-9.282806,-1.2591985
11283,1.4538409,-8.839898,-1.3836917
11295,0.42437842,-8.823139,-1.3525684
11310,-0.18851086,-8.629217,-1.3022923
11313,-0.2316046,-8.571759,-1.3238393
11325,-0.21963415,-8.442478,-1.560855
11333,0.024563927,-8.495149,-1.4004503
11355,1.0061444,-8.787229,-1.1945579
11355,1.0061444,-8.787229,-1.1945579
11373,2.4785154,-9.1439495,-0.9814831
11373,2.4785154,-9.1439495,-0.9814831
11386,3.2853265,-9.519822,-1.125129
11406,3.2709618,-9.280413,-1.8194177
11406,3.2709618,-9.280413,-1.8194177
11411,3.203927,-9.242107,-1.9822164
11431,2.5024564,-9.057761,-2.7387514
11431,2.5024564,-9.057761,-2.7387514
11447,2.207982,-8.784834,-2.872821
11455,2.0116658,-8.629217,-2.7100224
11467,1.7722559,-8.416142,-2.310208
11482,1.5400283,-7.9229584,-1.8625114
11482,1.5400283,-7.9229584,-1.8625114
11492,1.4346881,-7.7769184,-1.6638013
11503,1.2311897,-7.697913,-1.2113166
11520,1.2120368,-7.6284842,-0.7444673
11541,1.267101,-7.9085937,-0.25607115
11541,1.267101,-7.9085937,-0.25607115
11541,1.267101,-7.9085937,-0.25607115
11554,1.5400283,-8.186309,-0.56490993
11563,1.820138,-8.329955,-0.979089
11572,1.8536553,-8.660341,-0.8522017
11591,2.2247407,-9.6299515,-1.3932681
11591,2.2247407,-9.6299515,-1.3932681
11609,3.4385488,-9.989065,-3.0068908
11615,3.5989532,-9.977096,-3.3372762
11627,3.4840367,-9.725716,-3.4569812
11635,3.007611,-9.558128,-2.8177567
11644,2.9429703,-9.440817,-1.7140772
11656,3.3643317,-9.802326,-0.29916495
11661,3.706688,-10.065678,0.20359579
11674,4.6978445,-10.759965,1.2091173
11683,5.2484875,-11.363278,1.5299265
11716,3.1871684,-12.021655,-0.8402313
11716,3.1871684,-12.021655,-0.8402313
11716,3.1871684,-12.021655,-0.8402313
11735,1.4873582,-11.8804035,-2.3676662
11735,1.4873582,-11.8804035,-2.3676662
11745,1.6310041,-12.265853,-2.5520117
11754,2.887906,-12.680032,-2.1641676
11769,5.748854,-14.212256,-1.1347054
11772,6.158245,-14.458848,-0.9359952
11792,7.2643185,-14.973579,0.15571381
11792,7.2643185,-14.973579,0.15571381
11802,5.4735327,-14.707834,-0.22973609
11817,2.059548,-13.252222,-1.1634346
11826,0.60393584,-11.940256,-0.6319447
11835,-0.74873,-10.889246,0.29935974
11852,-1.404713,-9.476728,0.97688967
11852,-1.404713,-9.476728,0.97688967
11864,-2.0463314,-9.462364,-0.15791312
11886,-0.80379426,-10.858123,0.63692766
11886,-0.80379426,-10.858123,0.63692766
11904,0.37649643,-12.464563,0.8260614
11904,0.37649643,-12.464563,0.8260614
11912,0.4531076,-13.347986,-0.016661301
11931,1.1378198,-14.518701,-1.0652765
11931,1.1378198,-14.518701,-1.0652765
11943,1.7866206,-14.4708185,-1.1514641
11959,1.9661779,-13.664007,-0.94796574
11973,2.1122181,-12.732703,-0.70376766
11973,2.1122181,-12.732703,-0.70376766
11981,1.7339504,-11.832521,-0.7708024
11993,1.0923319,-10.606743,-1.1514641
12008,0.98699164,-9.3139305,-1.0580943
12019,1.1258494,-8.231797,-0.7827729
12023,1.1713372,-8.0354805,-0.7013736
12041,1.238372,-6.7426677,-0.56969815
12041,1.238372,-6.7426677,-0.56969815
12056,1.5112993,-5.950221,-0.22255379
12070,1.5304519,-5.785028,0.059949867
12077,1.6070632,-5.485766,0.09346725
12093,1.166549,-5.014128,0.09825544
12093,1.166549,-5.014128,0.09825544
12106,0.6542119,-4.6071315,0.21796039
12118,-0.035288535,-4.417998,0.3568181
12134,-0.8157647,-4.1235237,0.055161655
12134,-0.8157647,-4.1235237,0.055161655
12153,-1.6776403,-3.9080544,-0.53378665
12153,-1.6776403,-3.9080544,-0.53378665
12166,-1.720734,-3.9008722,-1.2424399
12174,-1.5363885,-4.0038185,-1.5417023
12190,-1.1461505,-4.6143136,-2.6142585
12196,-1.064751,-4.8872414,-3.2008128
12221,-1.136574,-5.6988406,-5.051451
12221,-1.136574,-5.6988406,-5.051451
12221,-1.136574,-5.6988406,-5.051451
12232,-1.4214718,-6.0196495,-6.097672
12268,-0.9570165,-8.837504,-9.825283
12268,-0.9570165,-8.837504,-9.825283
12268,-0.9570165,-8.837504,-9.825283
12273,-0.68887746,-9.5006695,-10.5578785
12319,6.1031804,-15.7013855,-10.677584
12319,6.1031804,-15.7013855,-10.677584
12319,6.1031804,-15.7013855,-10.677584
12319,6.1031804,-15.7013855,-10.677584
12358,-3.2625337,-10.065678,-9.159723
12358,-3.2625337,-10.065678,-9.159723
12358,-3.2625337,-10.065678,-9.159723
12359,-3.2625337,-10.065678,-9.159723
12363,-3.3798444,-7.934929,-8.249968
12381,-2.5538805,-5.50013,-7.35218
12381,-2.5538805,-5.50013,-7.35218
12393,-1.3711957,-4.2863226,-6.210195
12402,0.584783,-3.264042,-2.8656387
12411,0.053293113,-5.44746,2.7700698
12426,-0.3058217,-8.918903,8.12088
12441,-1.1222094,-12.440622,3.5888515
12441,-1.1222094,-12.440622,3.5888515
12461,-0.001771152,-14.985549,-17.833546
12461,-0.001771152,-14.985549,-17.833546
12477,-0.21724007,-15.332694,-1.1634346
12491,0.29270297,-13.364745,8.93248
12491,0.29270297,-13.364745,8.93248
12502,0.21369773,-12.924231,4.141888
12515,-0.22921053,-10.48225,-1.4722733
12526,0.86489254,-9.390541,0.16050202
12534,2.2893813,-8.890174,1.9608643
12542,3.4170017,-8.732164,3.212978
12557,4.702633,-9.385753,3.4715405
12572,4.7169976,-9.572493,2.0374753
12572,4.7169976,-9.572493,2.0374753
12587,3.373908,-9.560522,0.009673789
12593,2.059548,-9.342659,-0.85938406
12611,0.115539685,-8.971573,-3.308547
12611,0.115539685,-8.971573,-3.308547
12622,-0.26991022,-8.602882,-3.5623214
12637,-0.336945,-8.200674,-2.7890277
12646,-0.14781117,-7.989993,-2.2288084
12653,0.082022294,-8.016328,-1.5081849
12669,0.79546374,-8.047451,-0.28001216
12695,1.5639694,-8.497542,-0.49308693
12695,1.5639694,-8.497542,-0.49308693
12695,1.5639694,-8.497542,-0.49308693
12706,1.968572,-8.796804,-0.51223975
12718,2.4210567,-9.055367,-0.5984273
12730,2.7801716,-9.163101,-0.58885086
12754,4.336336,-9.333082,-1.2376516
12754,4.336336,-9.333082,-1.2376516
12754,4.336336,-9.333082,-1.2376516
12763,4.6667213,-9.244501,-1.4100268
12772,4.6212335,-9.371388,-1.3358097
12784,4.0610147,-9.371388,-0.835443
12796,3.5798006,-8.914115,-0.34225875
12803,3.297297,-8.863839,-0.22015968
12813,2.9214237,-8.722588,-0.17945999
12826,2.2654402,-8.758499,-0.38056433
12834,1.650157,-8.614853,-0.3757761
12844,1.0636028,-8.533454,-0.5385748
12852,0.8146165,-8.526271,-0.7755906
12866,1.1785195,-8.571759,-1.342992
12885,1.6597333,-9.064943,-1.247228
12885,1.6597333,-9.064943,-1.247228
12897,1.5567871,-9.146343,-0.99105954
12909,1.4921465,-9.316324,-1.2927159
12924,1.6405805,-9.675438,-2.0133398
12924,1.6405805,-9.675438,-2.0133398
12935,2.5311854,-10.058495,-2.2000792
12942,2.8232653,-10.333817,-2.0037632
12957,3.1488628,-10.726448,-1.536914
12966,3.685141,-10.707295,-1.4938203
12974,3.6971116,-10.738419,-1.3549625
12983,3.8646984,-10.566043,-0.8641722
12992,3.6324708,-10.752783,-0.016661301
13007,3.4170017,-11.236391,0.7063565
13014,3.1847744,-11.423131,0.6058044
13031,2.06673,-11.35849,-0.81150204
13031,2.06673,-11.35849,-0.81150204
13042,1.4035647,-11.621841,-1.9917927
13089,5.3634043,-13.268981,-2.5591943
13089,5.3634043,-13.268981,-2.5591943
13089,5.3634043,-13.268981,-2.5591943
13089,5.3634043,-13.268981,-2.5591943
13103,6.9004154,-13.879477,-1.342992
13103,6.9004154,-13.879477,-1.342992
13114,6.4622955,-13.898629,-0.6870089
13133,4.4225235,-13.513179,0.06473806
13133,4.4225235,-13.513179,0.06473806
13181,-1.1700914,-9.934001,0.5698929
13181,-1.1700914,-9.934001,0.5698929
13181,-1.1700914,-9.934001,0.5698929
13181,-1.1700914,-9.934001,0.5698929
13181,-1.1700914,-9.934001,0.5698929
13231,2.2917755,-13.553878,0.51243454
13231,2.2917755,-13.553878,0.51243454
13231,2.2917755,-13.553878,0.51243454
13231,2.2917755,-13.553878,0.51243454
13231,2.2917755,-13.553878,0.51243454
13246,3.010005,-14.463636,0.002491504
13256,3.3619375,-14.542642,-0.3542292
13270,3.3858786,-13.826806,-1.1945579
13282,2.863965,-13.099,-1.7116833
13282,2.863965,-13.099,-1.7116833
13294,2.4066923,-12.517234,-2.3485136
13306,1.7315563,-11.672117,-2.4682186
13318,1.094726,-10.252417,-2.312602
13327,0.96544474,-9.275624,-1.3046864
13338,1.1162729,-8.272497,-0.87374866
13344,1.3508946,-7.863106,-0.84741354
13365,1.9398428,-6.634933,-0.70376766
13365,1.9398428,-6.634933,-0.70376766
13386,1.33653,-5.4211254,0.1796548
13386,1.33653,-5.4211254,0.1796548
13392,1.3221655,-5.2415676,0.3640004
13403,1.2431602,-4.8920293,0.60341024
13413,0.97023296,-4.417998,0.9337959
13425,0.43634892,-4.056489,1.1085651
13437,0.14426887,-3.9056604,1.084624
13450,-0.21245185,-4.0133953,0.86436707
13475,-1.3520429,-4.204923,-0.35901743
13475,-1.3520429,-4.204923,-0.35901743
13476,-1.3520429,-4.204923,-0.35901743
13488,-1.4358363,-4.4922147,-1.1179467
13499,-1.4597774,-4.8178124,-2.046857
13507,-1.4549892,-5.0428576,-2.6621406
13511,-1.4909006,-5.2319913,-3.090684
13523,-1.9194443,-5.5935,-4.081841
13542,-2.422205,-6.2183604,-4.7976766
13542,-2.422205,-6.2183604,-4.7976766
13558,-2.0750606,-6.761821,-5.0873623
13572,-1.3592252,-7.3364043,-6.332294
13572,-1.3592252,-7.3364043,-6.332294
13583,-0.7080303,-8.6100645,-9.473351
13607,0.9678388,-11.748728,-13.923981
13607,0.9678388,-11.748728,-13.923981
13614,2.8041127,-12.069537,-13.823429
13625,4.2333894,-13.362351,-12.834665
13643,2.6245553,-13.5155735,-10.22031
13643,2.6245553,-13.5155735,-10.22031
13654,-0.32018626,-12.744673,-8.903557
13664,-2.6975262,-11.6697235,-8.237995
13673,-4.7564516,-10.568438,-7.117558
13688,-5.8074603,-7.8128295,-5.324378
13702,-4.3757896,-5.825728,-4.15127
13702,-4.3757896,-5.825728,-4.15127
13712,-2.7908962,-5.2032623,-3.6987853
13739,1.3413182,-5.794605,-4.8742876
13739,1.3413182,-5.794605,-4.8742876
13750,2.1696765,-9.998642,0.12937874
13760,4.1735373,-10.855729,3.0142677
13763,4.506317,-11.107109,2.9615974
13779,4.3315477,-16.965467,-10.761375
13784,3.196745,-17.79622,-13.921587
13796,-0.095141016,-14.762898,-10.363956
13808,-1.9505676,-12.1150255,-0.2728299
13811,-2.5610626,-12.25149,2.078175
13822,-5.0293784,-12.476534,9.31793
13836,-5.817037,-9.89809,-0.397323
13843,-6.2288218,-8.765681,-5.638005
13856,-4.045404,-7.604543,-5.072998
13884,7.1039143,-9.153525,5.693264
13884,7.1039143,-9.153525,5.693264
13884,7.1039143,-9.153525,5.693264
13893,8.2195635,-9.773596,4.1011887
13912,7.546822,-10.788694,-0.26564756
13912,7.546822,-10.788694,-0.26564756
13932,3.2565973,-10.147077,-2.604682
13932,3.2565973,-10.147077,-2.604682
13941,1.5256639,-9.7999325,-2.6621406
13956,-0.1334466,-9.455181,-2.5376472
13968,-0.751124,-9.199013,-2.1258624
13992,-0.21963415,-8.990726,-1.2376516
13992,-0.21963415,-8.990726,-1.2376516
13992,-0.21963415,-8.990726,-1.2376516
14018,0.24482101,-8.581335,-2.0396748
14018,0.24482101,-8.581335,-2.0396748
14024,0.2974912,-8.557395,-1.8313882
14039,0.71406436,-8.650764,-1.3238393
14046,1.070785,-8.662735,-1.1466758
14055,1.3461063,-8.708223,-0.8952955
14076,2.6963782,-9.122402,-0.883325
14076,2.6963782,-9.122402,-0.883325
14084,2.8519945,-9.273231,-1.2615926
14094,2.9908524,-9.273231,-1.4962144
14109,2.7322896,-9.254077,-1.3597507
14123,2.3420515,-9.278018,-1.1801933
14123,2.3420515,-9.278018,-1.1801933
14136,2.0978537,-9.117613,-1.2400458
14144,1.824926,-9.029032,-1.3286273
14160,1.3915942,-8.643582,-1.2041342
14172,1.0229031,-8.418537,-0.761226
14172,1.0229031,-8.418537,-0.761226
14183,0.8337693,-8.289256,0.10304364
14194,0.78109914,-8.253345,0.6919919
14206,0.66857654,-8.14561,0.9457664
14225,0.6446355,-8.265315,0.61777484
14225,0.6446355,-8.265315,0.61777484
14241,1.1019083,-8.693858,-0.27043575
14241,1.1019083,-8.693858,-0.27043575
14254,1.4945405,-9.055367,-0.82107854
14269,2.0092719,-9.266048,-1.3525684
14276,2.1960115,-9.244501,-1.6566188
14284,2.2965639,-9.340265,-1.9391224
14329,6.591577,-10.477462,-0.68940306
14329,6.591577,-10.477462,-0.68940306
14329,6.591577,-10.477462,-0.68940306
14329,6.591577,-10.477462,-0.68940306
14331,6.5652413,-10.532526,-0.5242103
14352,4.5134993,-10.805453,-0.4356286
14352,4.5134993,-10.805453,-0.4356286
14374,1.2000663,-10.84376,-2.1881087
14374,1.2000663,-10.84376,-2.1881087
14389,-0.22921053,-10.745602,-3.2151773
14401,-0.21245185,-10.621107,-3.502469
14401,-0.21245185,-10.621107,-3.502469
14413,0.089204594,-10.910793,-3.0715313
14426,1.3173772,-11.482984,-2.748328
14435,2.9980345,-11.973773,-2.092345
14460,4.003556,-12.974507,-0.04060228
14460,4.003556,-12.974507,-0.04060228
14467,3.4744604,-13.139699,-0.26804167
14485,2.2989578,-13.343198,-0.4260522
14485,2.2989578,-13.343198,-0.4260522
14496,1.7028271,-13.529937,0.5315873
14506,0.92713916,-13.7501955,2.0231109
14518,-0.50932014,-14.444483,3.3207123
14523,-1.1988206,-14.667134,3.60561
14544,-4.5457706,-15.493098,3.1818547
14544,-4.5457706,-15.493098,3.1818547
14553,-5.3406115,-15.794755,2.6431825
14565,-5.5608683,-15.9791,1.1181414
14575,-5.0820484,-15.794755,-0.3853525
14583,-4.964738,-15.746873,-1.1801933
14601,-3.6647422,-13.877082,-1.9032111
14601,-3.6647422,-13.877082,-1.9032111
14616,-2.3767169,-12.335282,-1.946305
14639,0.24003282,-9.716138,-0.5960332
14639,0.24003282,-9.716138,-0.5960332
14642,0.76434046,-9.608404,-0.46675187
14663,3.1823804,-8.155186,0.31851253
14663,3.1823804,-8.155186,0.31851253
14675,3.3284204,-7.5063853,0.68959785
14687,2.5647027,-6.5870514,0.8332437
14696,1.4322939,-5.6222296,0.29696563
14702,0.6829411,-5.2080503,-0.08130196
14713,-0.77745914,-4.4371505,-1.0365474
14723,-1.6201819,-4.305475,-1.5632491
14739,-1.7542516,-4.6574078,-2.2479613
14744,-1.4573833,-4.865694,-2.2192323
14761,-1.0982684,-5.445066,-1.3597507
14761,-1.0982684,-5.445066,-1.3597507
14780,0.12272198,-6.211178,-1.805053
14785,0.38367876,-6.3691883,-1.9893987
14797,0.8888336,-6.800126,-2.3772428
14810,1.6597333,-6.7881556,-2.5927114
14816,1.8752022,-7.0251713,-2.6621406
14821,1.9973012,-7.0802355,-2.7076283
14833,1.7531033,-7.0491123,-2.7842395
14849,1.3197713,-6.321306,-2.9278853
14851,1.1258494,-6.1321726,-2.9973142
14866,0.850528,-5.5384364,-3.5695038
14872,0.79546374,-5.3253613,-3.7969432
14887,0.89841,-4.796265,-4.299704
14892,0.95108014,-4.6238904,-4.4289856
14935,2.6389198,-3.6662505,-6.119219
14935,2.6389198,-3.6662505,-6.119219
14935,2.6389198,-3.6662505,-6.119219
14935,2.6389198,-3.6662505,-6.119219
14952,2.375569,-5.899945,-7.831
14952,2.375569,-5.899945,-7.831
14964,2.516821,-7.755371,-8.932285
14977,1.7531033,-11.394402,-10.9385395
15002,1.7531033,-11.554806,-14.151421
15002,1.7531033,-11.554806,-14.151421
15002,1.7531033,-11.554806,-14.151421
15019,-1.3999249,-12.531598,-9.609816
15021,-1.6058174,-12.435834,-9.406317
15031,-2.6017625,-11.779851,-9.626574
15043,-3.8035998,-10.250022,-8.084774
15061,-3.4923673,-8.555,-5.5063295
15061,-3.4923673,-8.555,-5.5063295
15085,-0.506926,-6.955743,-5.051451
15085,-0.506926,-6.955743,-5.051451
15099,1.3269535,-6.6181746,-4.759371
15103,1.9111137,-6.828855,-5.072998
15116,3.9915855,-9.189436,-6.87336
15130,6.031358,-11.595507,-5.755316
15169,1.7554973,-18.931025,9.760838
15169,1.7554973,-18.931025,9.760838
15169,1.7554973,-18.931025,9.760838
15169,1.7554973,-18.931025,9.760838
15179,-2.8244135,-11.8564625,0.9290077
15182,-4.0118866,-11.186115,1.2354524
15193,-9.259751,-10.855729,2.3606787
15206,-15.173176,-11.985744,-7.5628605
15212,-14.021613,-12.110237,-9.116631
15239,4.195084,-12.957748,11.352915
15239,4.195084,-12.957748,11.352915
15241,5.2508817,-12.768614,11.209269
15269,7.9011493,-12.002502,-3.1050487
15269,7.9011493,-12.002502,-3.1050487
15284,4.1208673,-11.396795,-5.2286143
15284,4.1208673,-11.396795,-5.2286143
15302,1.0636028,-9.289989,-1.2759572
15302,1.0636028,-9.289989,-1.2759572
15313,0.80025196,-8.5957,-0.2177656
15325,1.1019083,-8.085757,-0.14354855
15334,1.48257,-8.030692,-0.4356286
15346,1.9135078,-7.989993,-0.5074516
15362,2.7729893,-7.85353,-1.3453861
15362,2.7729893,-7.85353,-1.3453861
15373,3.2398386,-7.9301405,-2.0755863
15386,3.5055835,-8.267709,-2.5855293
15392,3.5031896,-8.423326,-2.5903175
15410,4.096926,-8.643582,-1.7092891
15416,4.1735373,-8.871021,-1.4674851
15429,3.9891915,-9.012273,-1.4842439
15433,3.9317331,-9.0146675,-1.512973
15442,3.8790631,-9.141554,-1.9319403
15463,3.8192105,-8.9739685,-2.3293607
15463,3.8192105,-8.9739685,-2.3293607
15509,2.0978537,-8.631611,-2.6477757
15509,2.0978537,-8.631611,-2.6477757
15509,2.0978537,-8.631611,-2.6477757
15509,2.0978537,-8.631611,-2.6477757
15517,2.0451832,-8.454448,-2.6358054
15525,1.9206901,-8.301227,-2.314996
15541,1.6717038,-8.071392,-1.560855
15541,1.6717038,-8.071392,-1.560855
15589,2.3875396,-8.265315,-0.5266043
15589,2.3875396,-8.265315,-0.5266043
15589,2.3875396,-8.265315,-0.5266043
15589,2.3875396,-8.265315,-0.5266043
15629,3.0842223,-8.641189,-1.3717211
15629,3.0842223,-8.641189,-1.3717211
15629,3.0842223,-8.641189,-1.3717211
15629,3.0842223,-8.641189,-1.3717211
15663,3.9867973,-9.100855,-2.8249393
15663,3.9867973,-9.100855,-2.8249393
15663,3.9867973,-9.100855,-2.8249393
15663,3.9867973,-9.100855,-2.8249393
15709,4.1352315,-9.737685,1.1875703
15709,4.1352315,-9.737685,1.1875703
15709,4.1352315,-9.737685,1.1875703
15709,4.1352315,-9.737685,1.1875703
15719,3.2398386,-9.309141,1.1732059
15721,3.0195816,-9.251683,1.0942005
15733,1.8512613,-9.359417,0.35921222
15760,0.50817186,-10.101588,-1.2544104
15761,0.50817186,-10.101588,-1.2544104
15761,0.50817186,-10.101588,-1.2544104
15776,1.2694952,-11.482984,-1.3214451
15781,2.7849598,-12.924231,-1.2328635
15818,4.7361507,-15.201018,0.8021205
15818,4.7361507,-15.201018,0.8021205
15818,4.7361507,-15.201018,0.8021205
15829,3.7425992,-15.399729,0.6656568
15869,0.034140322,-12.086296,-1.1035821
15869,0.034140322,-12.086296,-1.1035821
15869,0.034140322,-12.086296,-1.1035821
15869,0.034140322,-12.086296,-1.1035821
15871,-0.2675161,-11.6050825,-0.98866534
15904,-2.0870311,-10.118347,0.30414793
15904,-2.0870311,-10.118347,0.30414793
15904,-2.0870311,-10.118347,0.30414793
15940,-0.011347555,-11.432707,1.0606831
15940,-0.011347555,-11.432707,1.0606831
15940,-0.011347555,-11.432707,1.0606831
15962,0.5632362,-12.2874,-0.5792745
15962,0.5632362,-12.2874,-0.5792745
15962,0.5632362,-12.2874,-0.5792745
15986,0.8217988,-12.426258,-0.20579511
15986,0.8217988,-12.426258,-0.20579511
16024,1.0564204,-11.420736,-1.268775
16024,1.0564204,-11.420736,-1.268775
16024,1.0564204,-11.420736,-1.268775
16024,1.0564204,-11.420736,-1.268775
16036,1.3652592,-10.64026,-1.4842439
16043,1.2814656,-10.187777,-1.5321257
16058,1.3030126,-9.050579,-1.7859002
16066,1.3293477,-8.906933,-1.8313882
16081,1.8991432,-8.037875,-2.336543
16081,1.8991432,-8.037875,-2.336543
16129,2.0930653,-7.2837343,-0.5529394
16129,2.0930653,-7.2837343,-0.5529394
16129,2.0930653,-7.2837343,-0.5529394
16129,2.0930653,-7.2837343,-0.5529394
16143,1.5160874,-6.881525,-0.31592363
16143,1.5160874,-6.881525,-0.31592363
16155,0.57999486,-6.12499,-0.35901743
16166,-0.33455086,-5.50013,-0.9000838
16175,-1.162909,-5.021311,-1.2591985
16197,-2.2234948,-4.408421,-2.2000792
16197,-2.2234948,-4.408421,-2.2000792
16208,-2.1923714,-4.298293,-2.408366
16214,-2.0702724,-4.248017,-2.4394894
16227,-1.5555413,-4.5137615,-2.5711648
16234,-1.0048985,-4.5712204,-2.7195988
16245,-0.35130957,-4.8297825,-2.9853437
16251,-0.18611676,-4.923153,-3.1529307
16263,0.09878099,-5.1505923,-3.4904985
16274,0.03892852,-5.409155,-3.9166484
16297,-0.58593124,-5.720388,-4.522355
16297,-0.58593124,-5.720388,-4.522355
16302,-0.7583064,-5.763481,-4.737824
16319,-0.8373116,-6.5056515,-6.4903045
16322,-0.76788276,-6.6756325,-6.8087196
16362,-0.068805926,-11.471012,-11.910543
16362,-0.068805926,-11.471012,-11.910543
16362,-0.068805926,-11.471012,-11.910543
16362,-0.068805926,-11.471012,-11.910543
16382,1.1833076,-13.130123,-11.6184635
16382,1.1833076,-13.130123,-11.6184635
16397,2.0188482,-13.611338,-8.338549
16403,2.0332127,-13.465297,-7.2420516
16417,1.1617608,-12.081509,-6.5166397
16427,0.06765771,-10.944311,-6.7081676
16445,-1.550753,-8.631611,-6.995459
16445,-1.550753,-8.631611,-6.995459
16453,-2.2570121,-7.796071,-6.9020896
16480,-2.347988,-10.422398,-5.460842
16480,-2.347988,-10.422398,-5.460842
16484,-1.1940324,-11.121474,-4.3858914
16497,1.9949071,-13.438962,-3.3037589
16519,3.71387,-15.710961,-3.0284376
16519,3.71387,-15.710961,-3.0284376
16523,3.7425992,-14.782051,-4.4337735
16549,-2.1804008,-11.50453,5.6238356
16549,-2.1804008,-11.50453,5.6238356
16591,-0.7367595,-7.4728675,0.8188792
16591,-0.7367595,-7.4728675,0.8188792
16591,-0.7367595,-7.4728675,0.8188792
16591,-0.7367595,-7.4728675,0.8188792
16591,-0.7367595,-7.4728675,0.8188792
16602,2.9286058,-7.650031,4.134706
16619,6.8956275,-9.529398,4.141888
16623,7.3624763,-10.168623,3.31353
16635,6.9866033,-11.145415,-0.3542292
16647,5.8518004,-11.45186,-2.5496178
16654,4.7936087,-11.2651205,-2.9326735
16666,3.517554,-10.891642,-2.628623
16689,0.9438979,-10.039341,-1.5010026
16689,0.9438979,-10.039341,-1.5010026
16695,0.2567915,-9.787961,-1.1873757
16707,-0.1262643,-8.959603,-0.9647244
16713,-0.15978166,-8.550212,-0.97430074
16722,-0.016135745,-8.301227,-0.82107854
16769,0.8217988,-7.702701,-1.0293652
16769,0.8217988,-7.702701,-1.0293652
16769,0.8217988,-7.702701,-1.0293652
16769,0.8217988,-7.702701,-1.0293652
16774,1.0444499,-7.863106,-1.0652765
16814,3.1823804,-8.5693655,-1.7954767
16814,3.1823804,-8.5693655,-1.7954767
16814,3.1823804,-8.5693655,-1.7954767
16814,3.1823804,-8.5693655,-1.7954767
16828,3.366726,-8.645976,-1.584796
16869,2.883118,-8.634006,-0.53378665
16869,2.883118,-8.634006,-0.53378665
16869,2.883118,-8.634006,-0.53378665
16869,2.883118,-8.634006,-0.53378665
16873,2.7322896,-8.564577,-0.6199742
16898,1.9063255,-8.818351,-1.0820353
16898,1.9063255,-8.818351,-1.0820353
16927,2.473727,-8.950027,-2.9614027
16927,2.473727,-8.950027,-2.9614027
16927,2.473727,-8.950027,-2.9614027
16933,2.74426,-8.892569,-3.0715313
16949,2.8950884,-9.124796,-2.5161004
16955,2.9046648,-9.289989,-1.8744819
16969,3.0291579,-9.412088,-0.8067139
16981,3.0411284,-9.567704,-0.2321302
16981,3.0411284,-9.567704,-0.2321302
17023,3.512766,-9.632345,-1.2903218
17023,3.512766,-9.632345,-1.2903218
17023,3.512766,-9.632345,-1.2903218
17023,3.512766,-9.632345,-1.2903218
17032,3.3810904,-9.728109,-1.2065284
17056,3.273356,-9.874149,-0.27043575
17056,3.273356,-9.874149,-0.27043575
17062,3.225474,-9.981883,0.01685609
17080,2.6652548,-11.06641,0.34484762
17086,2.524003,-11.291455,-0.009479001
17103,2.715531,-11.923497,-1.462697
17103,2.715531,-11.923497,-1.462697
17113,3.3140557,-12.447805,-2.26472
17128,4.2764835,-13.474874,-2.6884756
17152,4.4225235,-13.826806,-1.0293652
17152,4.4225235,-13.826806,-1.0293652
17152,4.4225235,-13.826806,-1.0293652
17163,3.0052168,-13.383897,-1.3238393
17184,-0.11429379,-11.8397045,-0.83065486
17184,-0.11429379,-11.8397045,-0.83065486
17211,-2.4581165,-9.615586,0.97449553
17211,-2.4581165,-9.615586,0.97449553
17211,-2.4581165,-9.615586,0.97449553
17259,1.2287955,-12.304159,0.99843657
17259,1.2287955,-12.304159,0.99843657
17259,1.2287955,-12.304159,0.99843657
17259,1.2287955,-12.304159,0.99843657
17298,2.5527322,-15.339876,-1.5488845
17298,2.5527322,-15.339876,-1.5488845
17298,2.5527322,-15.339876,-1.5488845
17298,2.5527322,-15.339876,-1.5488845
17304,2.5407617,-15.23693,-1.8002648
17316,2.5407617,-14.5354595,-1.8098413
17341,1.9326606,-12.792555,-0.7516496
17341,1.9326606,-12.792555,-0.7516496
17341,1.9326606,-12.792555,-0.7516496
17364,1.408353,-10.269176,-0.87135446
17364,1.408353,-10.269176,-0.87135446
17372,1.2503425,-9.443212,-0.9216306
17382,1.2431602,-8.416142,-0.94796574
17402,1.4035647,-6.668451,-1.0437297
17402,1.4035647,-6.668451,-1.0437297
17416,1.5855162,-6.034014,-0.9359952
17424,1.654945,-5.6365943,-0.761226
17432,1.6717038,-5.3253613,-0.5840627
17441,1.5424224,-5.1098924,-0.19143051
17452,1.140214,-4.8537235,0.1676843
17465,0.66857654,-4.6406493,0.42864108
17471,0.41001382,-4.5520673,0.35921222
17483,0.115539685,-4.4539094,0.21796039
17507,-0.41595024,-4.6765604,-0.5385748
17507,-0.41595024,-4.6765604,-0.5385748
17512,-0.45904398,-4.6765604,-0.7085558
17524,-0.39200923,-4.743595,-1.1801933
17535,-0.33933908,-4.889635,-1.7595651
17543,-0.25315154,-5.0260987,-2.240779
17586,-1.2490966,-5.579136,-3.959742
17586,-1.2490966,-5.579136,-3.959742
17586,-1.2490966,-5.579136,-3.959742
17586,-1.2490966,-5.579136,-3.959742
17593,-1.4669597,-5.6509585,-4.0674763
17619,-0.6098722,-6.955743,-7.0050354
17619,-0.6098722,-6.955743,-7.0050354
17626,-0.013741657,-7.7050953,-8.850885
17635,1.1617608,-8.430508,-11.077398
17681,5.4902916,-13.24504,-11.240196
17681,5.4902916,-13.24504,-11.240196
17681,5.4902916,-13.24504,-11.240196
17681,5.4902916,-13.24504,-11.240196
17681,5.4902916,-13.24504,-11.240196
17705,0.19215083,-11.815763,-6.485516
17705,0.19215083,-11.815763,-6.485516
17716,-1.4454128,-10.745602,-6.7919607
17739,-2.9991827,-9.864573,-5.7433457
17739,-2.9991827,-9.864573,-5.7433457
17757,-1.9433852,-12.352041,-1.536914
17757,-1.9433852,-12.352041,-1.536914
17762,-0.39919156,-13.534726,-1.2927159
17772,0.43156072,-16.596777,-4.1704226
17782,1.6070632,-18.423473,-8.36249
17823,-0.23878694,-9.546157,9.669863
17823,-0.23878694,-9.546157,9.669863
17823,-0.23878694,-9.546157,9.669863
17823,-0.23878694,-9.546157,9.669863
17832,-2.7047086,-8.107304,6.6916037
17844,-4.220173,-6.3404593,-1.632678
17881,2.4809093,-7.0802355,6.1337786
17881,2.4809093,-7.0802355,6.1337786
17881,2.4809093,-7.0802355,6.1337786
17881,2.4809093,-7.0802355,6.1337786
17892,4.7193913,-8.842292,4.2232876
17913,5.69379,-11.2651205,-1.9199698
17913,5.69379,-11.2651205,-1.9199698
17932,4.9947133,-11.832521,-2.4682186
17932,4.9947133,-11.832521,-2.4682186
17945,4.2501483,-11.897162,-1.9965811
17966,2.059548,-11.02571,-2.2120497
17966,2.059548,-11.02571,-2.2120497
17984,0.7092762,-9.792749,-2.3173902
17984,0.7092762,-9.792749,-2.3173902
18024,0.046110816,-7.7050953,-1.3166568
18024,0.046110816,-7.7050953,-1.3166568
18024,0.046110816,-7.7050953,-1.3166568
18024,0.046110816,-7.7050953,-1.3166568
18061,0.41959023,-7.4824443,-1.3741152
18062,0.41959023,-7.4824443,-1.3741152
18062,0.41959023,-7.4824443,-1.3741152
18062,0.41959023,-7.4824443,-1.3741152
18071,1.0109326,-7.7050953,-1.2831395
18089,2.5527322,-8.159974,-1.5201553
18097,3.2829323,-8.497542,-1.6997128
18109,3.970039,-8.746529,-1.8840585
18122,4.032285,-8.940451,-1.8098413
18122,4.032285,-8.940451,-1.8098413
18136,3.5654361,-8.885386,-1.6685894
18145,3.010005,-8.734558,-1.6374661
18160,2.2486818,-8.507118,-1.828994
18173,1.7195858,-8.344319,-1.7188655
18173,1.7195858,-8.344319,-1.7188655
18184,1.6214277,-8.088151,-1.3884798
18196,1.748315,-8.07618,-0.7803788
18210,1.9996953,-8.054633,-0.5816686
18227,2.3013518,-8.337137,-0.86177814
18227,2.3013518,-8.337137,-0.86177814
18245,2.54555,-8.801592,-1.6207075
18245,2.54555,-8.801592,-1.6207075
18268,3.297297,-9.189436,-3.5359864
18268,3.297297,-9.189436,-3.5359864
18298,3.7617521,-9.428846,-2.654958
18298,3.7617521,-9.428846,-2.654958
18298,3.7617521,-9.428846,-2.654958
18339,3.0052168,-9.656286,-0.13397214
18339,3.0052168,-9.656286,-0.13397214
18339,3.0052168,-9.656286,-0.13397214
18339,3.0052168,-9.656286,-0.13397214
18368,1.5472107,-9.668256,-2.168956
18368,1.5472107,-9.668256,-2.168956
18368,1.5472107,-9.668256,-2.168956
18381,1.0851496,-9.091278,-2.8608506
18381,1.0851496,-9.091278,-2.8608506
18429,1.1809136,-11.719999,-4.5750256
18429,1.1809136,-11.719999,-4.5750256
18429,1.1809136,-11.719999,-4.5750256
18429,1.1809136,-11.719999,-4.5750256
18469,3.6420474,-16.565655,0.7973322
18469,3.6420474,-16.565655,0.7973322
18469,3.6420474,-16.565655,0.7973322
18469,3.6420474,-16.565655,0.7973322
18492,1.8440789,-17.647787,3.3183181
18492,1.8440789,-17.647787,3.3183181
18492,1.8440789,-17.647787,3.3183181
18521,-4.3518486,-17.657362,1.4916209
18521,-4.3518486,-17.657362,1.4916209
18521,-4.3518486,-17.657362,1.4916209
18568,0.80025196,-15.215384,-5.0203276
18568,0.80025196,-15.215384,-5.0203276
18568,0.80025196,-15.215384,-5.0203276
18568,0.80025196,-15.215384,-5.0203276
18593,3.9413095,-13.144488,-2.8057864
18593,3.9413095,-13.144488,-2.8057864
18593,3.9413095,-13.144488,-2.8057864
18601,4.8367023,-12.040809,-1.1442817
18631,5.772795,-9.127191,-0.29198265
18631,5.772795,-9.127191,-0.29198265
18631,5.772795,-9.127191,-0.29198265
18652,2.9094532,-6.4051,0.6417159
18652,2.9094532,-6.4051,0.6417159
18664,1.5831223,-4.8561177,1.0463185
18685,-0.60029584,-3.457964,0.1796548
18685,-0.60029584,-3.457964,0.1796548
18697,-1.0072926,-3.0892727,-0.17706591
18719,-1.0479923,-2.732552,0.5291932
18720,-1.0479923,-2.732552,0.5291932
18721,-1.0048985,-2.7205815,0.6656568
18733,-0.9785635,-2.8833802,1.2474228
18753,-0.39200923,-3.3574116,0.64410996
18753,-0.39200923,-3.3574116,0.64410996
18762,-0.28906298,-3.726103,0.04558526
18775,-0.3058217,-4.113947,-0.94796574
18787,-0.38482696,-4.6478314,-1.8266001
18792,-0.40637383,-4.8776646,-2.291055
18811,-0.50453186,-5.4283075,-3.1218073
18811,-0.50453186,-5.4283075,-3.1218073
18831,-0.7726709,-5.902339,-3.959742
18831,-0.7726709,-5.902339,-3.959742
18859,-1.6321524,-6.9629245,-5.4297185
18859,-1.6321524,-6.9629245,-5.4297185
18878,-1.9553558,-8.904539,-9.384769
18878,-1.9553558,-8.904539,-9.384769
18881,-1.715946,-9.60601,-10.344803
18893,-0.5883254,-11.80858,-12.659897
18903,1.7794383,-13.199553,-13.825823
18912,3.5726182,-14.252955,-13.500225
18927,4.092138,-14.403783,-10.794893
18941,2.1122181,-13.649642,-7.723265
18941,2.1122181,-13.649642,-7.723265
18954,0.014987532,-12.167695,-7.2085342
18963,-1.5555413,-10.858123,-7.107982
19009,-2.278559,-7.6859426,-3.404311
19009,-2.278559,-7.6859426,-3.404311
19009,-2.278559,-7.6859426,-3.404311
19009,-2.278559,-7.6859426,-3.404311
19051,1.5472107,-14.607283,-7.4359736
19051,1.5472107,-14.607283,-7.4359736
19051,1.5472107,-14.607283,-7.4359736
19051,1.5472107,-14.607283,-7.4359736
19051,1.5472107,-14.607283,-7.4359736
19062,3.1177397,-16.644659,-11.144432
19077,3.1105573,-15.576892,-2.5568
19082,2.3444455,-13.9513,2.4779894
19129,-4.775604,-7.432168,-2.3054197
19129,-4.775604,-7.432168,-2.3054197
19129,-4.775604,-7.432168,-2.3054197
19129,-4.775604,-7.432168,-2.3054197
19134,-4.2752376,-7.2238817,-1.3453861
19144,-1.1916384,-7.3268275,2.9185038
19154,1.8297143,-8.004357,5.2695084
19168,4.7074213,-9.768808,4.544097
19178,5.7416716,-10.288328,2.0949337
19182,6.2492204,-10.317058,0.6273513
19207,5.305946,-11.4997425,-2.990132
19207,5.305946,-11.4997425,-2.990132
19214,4.539834,-11.502136,-3.2870002
19234,1.9111137,-11.047257,-3.061955
19234,1.9111137,-11.047257,-3.061955
19277,0.44592533,-8.528666,-1.6039487
19277,0.44592533,-8.528666,-1.6039487
19277,0.44592533,-8.528666,-1.6039487
19277,0.44592533,-8.528666,-1.6039487
19285,0.39564922,-8.320378,-1.7260478
19311,0.6637883,-7.9085937,-1.6614071
19311,0.6637883,-7.9085937,-1.6614071
19311,0.6637883,-7.9085937,-1.6614071
19323,0.6973057,-7.726642,-1.5536728
19333,0.8816513,-7.97084,-1.635072
19345,1.2240074,-8.2294035,-1.8385706
19359,1.8656259,-8.272497,-2.1474092
19362,2.0787008,-8.363473,-2.2359908
19381,2.7825658,-8.734558,-2.5113122
19381,2.7825658,-8.734558,-2.5113122
19397,3.0794342,-8.940451,-1.948699
19406,2.9788818,-9.07452,-1.2352575
19419,2.8903003,-9.148737,-1.7380183
19422,2.830448,-9.199013,-1.9008169
19457,2.7849598,-8.11688,0.42385286
19457,2.7849598,-8.11688,0.42385286
19457,2.7849598,-8.11688,0.42385286
19467,3.1225278,-7.994781,0.062343955
19479,3.0890102,-7.7912827,-1.0173947
19482,3.0626752,-7.683549,-1.1275232
19494,2.54555,-7.2526107,-1.3884798
19513,2.1050358,-7.116147,-0.68222076
19513,2.1050358,-7.116147,-0.68222076
19530,1.5950927,-7.7338247,0.47652307
19538,1.5376344,-8.358685,0.062343955
19542,1.5184815,-8.471208,-0.14594263
19554,1.6046691,-9.395329,-2.0013692
19565,1.8009852,-10.293117,-4.1656346
19574,2.8065069,-10.604349,-5.106515
19583,3.4313667,-10.829394,-5.5925174
19592,4.0897436,-10.750389,-5.3076196
19610,4.4225235,-10.652231,-2.0995274
19649,2.3324752,-9.639527,0.5435578
19649,2.3324752,-9.639527,0.5435578
19649,2.3324752,-9.639527,0.5435578
19649,2.3324752,-9.639527,0.5435578
19652,2.2941697,-9.440817,0.33766532
19685,1.3844119,-9.191831,-0.94796574
19685,1.3844119,-9.191831,-0.94796574
19685,1.3844119,-9.191831,-0.94796574
19694,1.9637839,-10.166229,-2.0588274
19706,3.2135036,-11.758305,-2.2455673
19711,3.8216045,-12.395135,-1.7332301
19729,5.315522,-14.722199,1.1851763
19746,4.8893723,-16.012617,1.395857
19746,4.8893723,-16.012617,1.395857
19756,2.8903003,-16.187386,1.0558949
19766,0.58238894,-15.284812,1.4820445
19771,-0.43031484,-14.645587,1.5610497
19801,-2.4988163,-10.764753,2.296038
19801,-2.4988163,-10.764753,2.296038
19801,-2.4988163,-10.764753,2.296038
19832,-2.6735852,-10.786301,-0.639127
19832,-2.6735852,-10.786301,-0.639127
19832,-2.6735852,-10.786301,-0.639127
19862,0.8672867,-14.420542,-1.7236538
19862,0.8672867,-14.420542,-1.7236538
19862,0.8672867,-14.420542,-1.7236538
19885,2.6891959,-15.071737,-1.462697
19885,2.6891959,-15.071737,-1.462697
19902,3.9053981,-13.946511,-1.1227349
19902,3.9053981,-13.946511,-1.1227349
19913,4.635598,-12.612998,-1.1155527
19923,4.757697,-11.214844,-0.79474336
19935,4.2860594,-9.843025,-0.809108
19947,3.0961926,-8.485572,-0.45478135
19959,2.2199526,-7.62609,-0.24649477
19962,1.9637839,-7.4537153,-0.25128296
19974,0.99896216,-6.575081,-0.30155903
19983,0.6254827,-5.998103,-0.21537149
19995,0.50817186,-5.777846,-0.31831777
20021,0.49859548,-5.8831863,-0.22734201
20021,0.49859548,-5.8831863,-0.22734201
20021,0.49859548,-5.8831863,-0.22734201
20033,0.75236994,-5.8831863,-0.7899552
20048,0.8601044,-5.880792,-0.9527539
20072,0.5488716,-5.3397255,-1.220893
20072,0.5488716,-5.3397255,-1.220893
20072,0.5488716,-5.3397255,-1.220893
20084,0.21848592,-5.1027102,-1.3070805
20105,-0.2914571,-4.408421,-1.0892175
20105,-0.2914571,-4.408421,-1.0892175
20114,-0.5955076,-4.161829,-1.0604883
20144,-1.404713,-3.917631,-1.706895
20144,-1.404713,-3.917631,-1.706895
20144,-1.404713,-3.917631,-1.706895
20153,-1.6249702,-4.015789,-2.0660098
20174,-1.3233137,-4.358145,-3.332488
20174,-1.3233137,-4.358145,-3.332488
20186,-0.3153981,-5.2319913,-5.271708
20195,0.40043744,-6.438617,-6.7608376
20203,1.5735458,-8.11688,-8.44389
20227,1.5615753,-11.595507,-14.802614
20227,1.5615753,-11.595507,-14.802614
20262,3.3763022,-14.037486,-10.761375
20262,3.3763022,-14.037486,-10.761375
20262,3.3763022,-14.037486,-10.761375
20262,3.3763022,-14.037486,-10.761375
20276,4.872614,-13.982422,-6.485516
20282,5.1072354,-13.474874,-6.4759393
20313,1.5136933,-12.371194,-4.759371
20313,1.5136933,-12.371194,-4.759371
20313,1.5136933,-12.371194,-4.759371
20331,0.6206945,-12.371194,-2.6693227
20331,0.6206945,-12.371194,-2.6693227
20374,-4.5864706,-11.023316,1.0056188
20374,-4.5864706,-11.023316,1.0056188
20374,-4.5864706,-11.023316,1.0056188
20374,-4.5864706,-11.023316,1.0056188
20382,-2.759773,-11.324972,3.4715405
20413,7.115885,-11.150203,7.503203
20413,7.115885,-11.150203,7.503203
20413,7.115885,-11.150203,7.503203
20433,7.5611873,-10.666595,5.372455
20433,7.5611873,-10.666595,5.372455
20442,2.1984055,-13.711889,-2.674111
20475,1.4179293,-12.802132,1.1947527
20475,1.4179293,-12.802132,1.1947527
20475,1.4179293,-12.802132,1.1947527
20514,2.5287914,-10.606743,-2.8321216
20514,2.5287914,-10.606743,-2.8321216
20514,2.5287914,-10.606743,-2.8321216
20514,2.5287914,-10.606743,-2.8321216
20554,0.35016134,-8.564577,-1.2352575
20554,0.35016134,-8.564577,-1.2352575
20554,0.35016134,-8.564577,-1.2352575
20554,0.35016134,-8.564577,-1.2352575
20593,1.1833076,-7.314857,-1.8936348
20593,1.1833076,-7.314857,-1.8936348
20593,1.1833076,-7.314857,-1.8936348
20593,1.1833076,-7.314857,-1.8936348
20603,1.5328461,-7.343587,-1.6470425
20624,2.1505237,-7.3890743,-2.9111269
20624,2.1505237,-7.3890743,-2.9111269
20643,1.6286101,-7.5494785,-3.5551393
20643,1.6286101,-7.5494785,-3.5551393
20663,1.2790716,-7.9325347,-2.94225
20663,1.2790716,-7.9325347,-2.94225
20680,1.2599188,-8.265315,-2.65017
20681,1.2599188,-8.265315,-2.65017
20693,1.4466586,-8.490359,-2.654958
20705,1.9781485,-8.435296,-2.8177567
20749,2.59822,-7.542297,-1.7212596
20749,2.59822,-7.542297,-1.7212596
20749,2.59822,-7.542297,-1.7212596
20749,2.59822,-7.542297,-1.7212596
20755,2.4617565,-7.410621,-0.9096601
20762,2.7394722,-6.8264613,-0.4739341
20774,2.8280535,-6.4242525,-0.43802267
20782,2.914241,-6.4242525,-0.6080037
20794,3.345179,-6.682815,-0.94317746
20818,3.6276827,-8.710617,-0.93360114
20818,3.6276827,-8.710617,-0.93360114
20858,2.1696765,-10.384092,-1.319051
20858,2.1696765,-10.384092,-1.319051
20858,2.1696765,-10.384092,-1.319051
20858,2.1696765,-10.384092,-1.319051
20900,1.5998808,-11.784639,-2.5998938
20900,1.5998808,-11.784639,-2.5998938
20900,1.5998808,-11.784639,-2.5998938
20900,1.5998808,-11.784639,-2.5998938
20934,1.0755732,-10.867701,-2.8009982
20934,1.0755732,-10.867701,-2.8009982
20934,1.0755732,-10.867701,-2.8009982
20934,1.0755732,-10.867701,-2.8009982
20946,0.89841,-10.477462,-5.532665
20986,5.894894,-12.225154,-2.1569855
20986,5.894894,-12.225154,-2.1569855
20986,5.894894,-12.225154,-2.1569855
20986,5.894894,-12.225154,-2.1569855
21003,7.795809,-15.246506,-1.0724589
21003,7.795809,-15.246506,-1.0724589
21011,8.274628,-16.917585,-0.8976896
21024,8.174075,-17.628633,-0.08369607
21037,5.605208,-17.324583,1.8842531
21056,1.7890147,-15.770814,2.8682277
21056,1.7890147,-15.770814,2.8682277
21064,1.5472107,-15.280025,2.341526
21081,2.2414994,-14.42533,0.77099717
21081,2.2414994,-14.42533,0.77099717
21092,3.2877207,-13.525149,-0.29677084
21105,4.0801673,-13.503602,-0.8402313
21111,4.702633,-13.027177,-0.68940306
21128,5.478321,-12.174878,-0.44041675
21132,5.607602,-11.992927,-0.4045053
21146,5.890106,-10.7551775,-0.11003116
21159,5.722519,-9.696985,0.524405
21161,5.5429616,-9.519822,0.73508567
21183,3.80724,-8.219827,1.4988033
21183,3.80724,-8.219827,1.4988033
21212,1.7698618,-7.348375,1.5706261
21212,1.7698618,-7.348375,1.5706261
21212,1.7698618,-7.348375,1.5706261
21222,1.5496048,-7.4680796,1.6017495
21236,1.4897523,-7.8702884,1.276152
21246,1.4514467,-8.22222,0.86436707
21257,1.8847786,-8.555,0.22753677
21262,2.1457355,-8.617248,-0.04778458
21301,1.0276912,-8.894962,-0.8929014
21301,1.0276912,-8.894962,-0.8929014
21301,1.0276912,-8.894962,-0.8929014
21301,1.0276912,-8.894962,-0.8929014
21312,0.0772341,-8.930874,-0.32310593
21335,-0.78464144,-8.581335,-0.46914595
21335,-0.78464144,-8.581335,-0.46914595
21344,-1.2419143,-8.193492,-0.83304894
21355,-1.7398869,-7.7841005,-0.9838773
21367,-1.981691,-7.3124633,-1.1825874
21377,-2.0223904,-7.2190933,-1.4579087
21391,-2.0798488,-6.9102545,-1.951093
21391,-2.0798488,-6.9102545,-1.951093
21404,-2.400658,-6.575081,-2.386819
21425,-3.2002869,-5.9597974,-2.872821
21425,-3.2002869,-5.9597974,-2.872821
21454,-2.8890543,-5.5767417,-4.663607
21454,-2.8890543,-5.5767417,-4.663607
21454,-2.8890543,-5.5767417,-4.663607
21463,-2.3312292,-5.662929,-5.417748
21472,-1.3688016,-5.909521,-6.3538404
21489,0.7763109,-6.3883414,-8.872433
21495,1.5496048,-6.6325393,-9.885136
21501,2.7969303,-7.0299597,-11.213861
21522,5.2245464,-9.222954,-11.699863
21522,5.2245464,-9.222954,-11.699863
21532,5.6435137,-9.708956,-10.912205
21544,5.236517,-9.890907,-10.040752
21561,3.4577017,-9.797537,-8.642599
21561,3.4577017,-9.797537,-8.642599
21574,2.1672823,-8.99312,-7.991404
21582,1.5950927,-7.9923873,-7.60356
21591,1.140214,-7.5997553,-7.31148
21638,-3.9640045,-9.639527,4.2759576
21639,-3.9640045,-9.639527,4.2759576
21639,-3.9640045,-9.639527,4.2759576
21639,-3.9640045,-9.639527,4.2759576
21663,-7.5216355,-17.384436,-3.8807368
21663,-7.5216355,-17.384436,-3.8807368
21663,-7.5216355,-17.384436,-3.8807368
21682,-7.6916165,-22.60357,-17.213474
21682,-7.6916165,-22.60357,-17.213474
21692,-2.0918193,-17.341343,3.1627018
21716,3.6612,-15.52901,7.9844165
21716,3.6612,-15.52901,7.9844165
21733,6.6346707,-10.6905365,-5.2573433
21733,6.6346707,-10.6905365,-5.2573433
21773,5.3921337,-9.641921,2.7485228
21773,5.3921337,-9.641921,2.7485228
21773,5.3921337,-9.641921,2.7485228
21773,5.3921337,-9.641921,2.7485228
21821,-1.6991872,-8.803987,-2.0396748
21821,-1.6991872,-8.803987,-2.0396748
21821,-1.6991872,-8.803987,-2.0396748
21821,-1.6991872,-8.803987,-2.0396748
21821,-1.6991872,-8.803987,-2.0396748
21845,-0.59311354,-8.045057,-0.58645684
21845,-0.59311354,-8.045057,-0.58645684
21863,1.070785,-7.6476374,-0.52899843
21863,1.070785,-7.6476374,-0.52899843
21877,2.0858831,-7.712278,-0.8426254
21883,2.3157165,-7.867894,-1.2568045
21892,2.2798052,-7.9301405,-1.7188655
21905,1.896749,-8.212645,-1.7356242
21919,0.98699164,-8.593307,-1.489032
21940,0.42198431,-8.950027,-1.7380183
21940,0.42198431,-8.950027,-1.7380183
21943,0.42677253,-9.024244,-1.7523829
21960,0.74997586,-9.345054,-1.951093
21965,0.8122224,-9.383358,-1.9343345
21979,1.0540264,-9.191831,-1.608737
22003,1.4921465,-8.6100645,-1.4794556
22003,1.4921465,-8.6100645,-1.4794556
22003,1.4921465,-8.6100645,-1.4794556
22013,1.4610231,-8.373049,-1.5225494
22031,1.8345026,-8.009146,-1.0987939
22031,1.8345026,-8.009146,-1.0987939
22041,2.0930653,-7.9875994,-0.49308693
22088,2.7107427,-8.540636,0.43821746
22088,2.7107427,-8.540636,0.43821746
22088,2.7107427,-8.540636,0.43821746
22088,2.7107427,-8.540636,0.43821746
22128,2.646102,-10.333817,-3.5599275
22129,2.646102,-10.333817,-3.5599275
22129,2.646102,-10.333817,-3.5599275
22129,2.646102,-10.333817,-3.5599275
22131,2.670043,-10.269176,-3.959742
22142,2.6365259,-10.302692,-4.1919694
22167,3.1321042,-10.285934,-1.2879277
22167,3.1321042,-10.285934,-1.2879277
22173,3.5917711,-10.515767,-0.3255
22192,3.7904813,-11.542835,1.3647336
22192,3.7904813,-11.542835,1.3647336
22219,2.0954595,-11.660146,1.371916
22219,2.0954595,-11.660146,1.371916
22224,1.6693097,-11.674511,0.88112575
22232,1.3269535,-11.815763,-0.79474336
22248,1.7387385,-11.509318,-2.8081806
22253,2.3013518,-11.698452,-3.2056007
22268,4.242966,-12.826072,-2.7459338
22287,5.8111005,-15.327907,-0.60560954
22287,5.8111005,-15.327907,-0.60560954
22292,5.5118384,-15.201018,0.059949867
22304,4.4704056,-13.664007,0.9170372
22314,3.6971116,-13.223494,0.01685609
22360,-1.2538848,-11.66254,0.87394345
22360,-1.2538848,-11.66254,0.87394345
22360,-1.2538848,-11.66254,0.87394345
22360,-1.2538848,-11.66254,0.87394345
22367,-2.4748752,-10.125529,2.3223732
22373,-3.1907108,-10.022583,2.027899
22391,-2.5155747,-10.822212,-0.15312493
22391,-2.5155747,-10.822212,-0.15312493
22402,-1.0815098,-11.3704605,2.2553384
22433,5.3993154,-12.160513,-0.25607115
22433,5.3993154,-12.160513,-0.25607115
22433,5.3993154,-12.160513,-0.25607115
22479,3.7090821,-13.067876,-0.33268237
22479,3.7090821,-13.067876,-0.33268237
22479,3.7090821,-13.067876,-0.33268237
22479,3.7090821,-13.067876,-0.33268237
22495,3.8455455,-11.380037,-0.46914595
22495,3.8455455,-11.380037,-0.46914595
22531,2.6125848,-8.286861,-0.40211117
22531,2.6125848,-8.286861,-0.40211117
22531,2.6125848,-8.286861,-0.40211117
22531,2.6125848,-8.286861,-0.40211117
22546,1.5998808,-8.009146,-0.7492555
22553,1.5543929,-7.3292217,-0.883325
22582,1.6453687,-7.4752617,-1.2568045
22582,1.6453687,-7.4752617,-1.2568045
22582,1.6453687,-7.4752617,-1.2568045
22596,2.1696765,-6.9341955,-1.0197886
22612,1.4969345,-7.415409,-0.004690796
22612,1.4969345,-7.415409,-0.004690796
22629,-0.008953452,-7.0299597,1.2402405
22639,-0.59311354,-6.7737913,0.7566326
22642,-0.7415477,-6.7187266,0.5076463
22675,-1.5220239,-6.730697,-0.98866534
22675,-1.5220239,-6.730697,-0.98866534
22675,-1.5220239,-6.730697,-0.98866534
22692,-0.8014001,-5.7084174,-2.4011838
22692,-0.8014001,-5.7084174,-2.4011838
22704,-0.36088595,-4.3772984,-3.547957
22721,0.21848592,-3.2688303,-5.9636025
22721,0.21848592,-3.2688303,-5.9636025
22734,0.21369773,-4.104371,-6.210195
22746,0.30946168,-5.0428576,-5.144821
22770,1.3245595,-7.5015974,-4.6061487
22770,1.3245595,-7.5015974,-4.6061487
22772,1.7914087,-7.3507686,-5.175944
22786,3.3882728,-8.447267,-8.826944
22793,4.125655,-8.353896,-9.698397
22802,4.72418,-8.626823,-9.7486725
22825,7.058426,-10.750389,-9.099873
22825,7.058426,-10.750389,-9.099873
22832,7.714409,-11.109504,-7.651442
22844,7.855661,-11.66254,-6.3945403
22859,6.761558,-11.162174,-5.8127747
22876,3.9867973,-10.73363,-8.106321
22876,3.9867973,-10.73363,-8.106321
22883,2.4856975,-8.818351,-8.266726
22892,1.6860684,-8.133639,-9.138178
22901,0.8361634,-8.959603,-9.99287
22916,0.69969976,-7.9923873,-7.3186626
22937,2.5551264,-11.281879,-1.3884798
22937,2.5551264,-11.281879,-1.3884798
22942,2.1529179,-13.565849,-1.2807454
22963,1.1809136,-11.875615,-4.9173813
22963,1.1809136,-11.875615,-4.9173813
22979,-0.36088595,-13.367139,-4.11057
23018,-2.0870311,-10.9897995,2.657547
23018,-2.0870311,-10.9897995,2.657547
23018,-2.0870311,-10.9897995,2.657547
23018,-2.0870311,-10.9897995,2.657547
23024,-1.306555,-10.630684,4.103583
23035,0.17778626,-10.20214,6.5671105
23059,2.1960115,-9.115219,-2.1043155
23059,2.1960115,-9.115219,-2.1043155
23062,2.4234507,-9.522216,-2.50413
23072,3.227868,-11.88998,-1.9654577
23082,4.185508,-14.015939,-0.84501946
23106,3.519948,-14.18592,-1.3789035
23106,3.519948,-14.18592,-1.3789035
23117,3.2063212,-14.147615,-2.846486
23122,3.0698576,-13.0176,-3.0021026
23133,1.7100095,-11.906738,-2.5520117
23146,0.6925175,-12.306553,-1.7116833
23157,1.9206901,-11.363278,-2.2168381
23167,3.857516,-11.629024,-2.0731921
23172,3.2709618,-9.931607,-1.8744819
23185,1.9374489,-11.617053,-0.907266
23193,1.5232697,-8.495149,-2.5855293
23203,2.667649,-9.17986,-3.0308316
23215,0.5728125,-8.35629,-1.922364
23223,0.6494237,-7.396257,-2.0157337
23241,5.2748227,-6.4625583,-3.4354343
23241,5.2748227,-6.4625583,-3.4354343
23261,3.6228943,-9.182254,-7.067282
23261,3.6228943,-9.182254,-7.067282
23289,3.8455455,-8.073787,-1.3765094
23289,3.8455455,-8.073787,-1.3765094
23314,0.92235094,-4.054095,-1.271169
23314,0.92235094,-4.054095,-1.271169
23314,0.92235094,-4.054095,-1.271169
23324,2.5359735,-3.9032662,-1.946305
23340,2.9884584,-7.310069,-1.4674851
23368,0.802646,-0.4174586,2.4229252
23368,0.802646,-0.4174586,2.4229252
23368,0.802646,-0.4174586,2.4229252
23386,0.9822034,-0.1756546,-0.14594263
23386,0.9822034,-0.1756546,-0.14594263
23400,0.57520664,-0.58504546,0.8859139
23419,9.720664,-1.3559452,2.2984324
23419,9.720664,-1.3559452,2.2984324
23422,12.267984,-1.5067735,2.7676754
23434,15.935743,-4.188164,-1.4339677
23442,17.321928,-5.167351,-2.2742965
23454,13.2304125,-7.688337,2.3367376
23471,12.040545,-8.969179,-0.4619637
23471,12.040545,-8.969179,-0.4619637
23483,10.165966,-7.3938627,-4.4337735
23507,6.8764744,-6.7187266,3.8354435
23507,6.8764744,-6.7187266,3.8354435
23519,9.308879,-4.054095,-0.8976896
23522,10.936866,-3.7835615,-2.944644
23541,14.585473,-4.772324,-0.81629026
23541,14.585473,-4.772324,-0.81629026
23552,13.122678,-4.001425,-1.8433585
23579,11.102058,-4.37251,1.0965946
23579,11.102058,-4.37251,1.0965946
23587,11.566514,-4.674166,1.7286367
23593,11.875353,-4.789083,1.6568137
23611,12.385296,-5.8879743,0.055161655
23611,12.385296,-5.8879743,0.055161655
23626,12.399659,-7.401045,-0.7995316
23635,12.030969,-8.3347435,-1.4579087
23651,11.145153,-8.193492,-2.3940012
23651,11.145153,-8.193492,-2.3940012
23664,11.0206585,-7.3220396,-1.6614071
23683,12.500212,-5.7826343,-2.0396748
23683,12.500212,-5.7826343,-2.0396748
23693,13.029307,-4.327022,-3.4928927
23705,11.559332,-4.224076,-3.0092847
23718,12.658222,-4.350963,-3.236724
23736,12.083638,-4.0038185,-2.1043155
23736,12.083638,-4.0038185,-2.1043155
23779,10.307218,-2.708611,-3.4426165
23779,10.307218,-2.708611,-3.4426165
23779,10.307218,-2.708611,-3.4426165
23779,10.307218,-2.708611,-3.4426165
23819,10.891377,-1.2386345,-1.2161047
23819,10.891377,-1.2386345,-1.2161047
23819,10.891377,-1.2386345,-1.2161047
23819,10.891377,-1.2386345,-1.2161047
23854,10.228212,-2.0191107,1.5299265
23854,10.228212,-2.0191107,1.5299265
23854,10.228212,-2.0191107,1.5299265
23854,10.228212,-2.0191107,1.5299265
23898,5.8996825,-2.5051126,3.7348914
23898,5.8996825,-2.5051126,3.7348914
23898,5.8996825,-2.5051126,3.7348914
23898,5.8996825,-2.5051126,3.7348914
23938,2.9405763,-4.2384405,7.0076246
23938,2.9405763,-4.2384405,7.0076246
23938,2.9405763,-4.2384405,7.0076246
23938,2.9405763,-4.2384405,7.0076246
23955,2.9405763,-4.451515,8.302832
23955,2.9405763,-4.451515,8.302832
23998,3.0219755,-3.3502295,7.675578
23998,3.0219755,-3.3502295,7.675578
23998,3.0219755,-3.3502295,7.675578
23998,3.0219755,-3.3502295,7.675578
24038,2.1457355,-3.726103,6.322912
24038,2.1457355,-3.726103,6.322912
24038,2.1457355,-3.726103,6.322912
24038,2.1457355,-3.726103,6.322912
24079,-0.18851086,-3.5202105,7.6923366
24079,-0.18851086,-3.5202105,7.6923366
24079,-0.18851086,-3.5202105,7.6923366
24079,-0.18851086,-3.5202105,7.6923366
24119,1.6980389,-1.7413951,12.243519
24119,1.6980389,-1.7413951,12.243519
24119,1.6980389,-1.7413951,12.243519
24119,1.6980389,-1.7413951,12.243519
24151,2.6101906,-0.29296544,10.926764
24151,2.6101906,-0.29296544,10.926764
24151,2.6101906,-0.29296544,10.926764
24151,2.6101906,-0.29296544,10.926764
24198,3.175198,2.120286,9.363419
24198,3.175198,2.120286,9.363419
24198,3.175198,2.120286,9.363419
24198,3.175198,2.120286,9.363419
24239,3.6779585,1.9191818,11.613871
24239,3.6779585,1.9191818,11.613871
24239,3.6779585,1.9191818,11.613871
24239,3.6779585,1.9191818,11.613871
24260,2.9357882,1.6175255,10.067284
24260,2.9357882,1.6175255,10.067284
24298,1.094726,0.44441697,10.42161
24298,1.094726,0.44441697,10.42161
24298,1.094726,0.44441697,10.42161
24298,1.094726,0.44441697,10.42161
24335,1.3652592,1.074065,10.299509
24335,1.3652592,1.074065,10.299509
24335,1.3652592,1.074065,10.299509
24335,1.3652592,1.074065,10.299509
24378,0.8194047,2.8768213,8.3363495
24378,0.8194047,2.8768213,8.3363495
24378,0.8194047,2.8768213,8.3363495
24378,0.8194047,2.8768213,8.3363495
24407,1.1426079,4.289339,7.122541
24407,1.1426079,4.289339,7.122541
24407,1.1426079,4.289339,7.122541
24420,1.5304519,4.3827095,6.976501
24422,1.5998808,4.3252506,7.069871
24437,1.848867,3.8560078,8.008358
24452,2.2271347,3.446617,9.047398
24452,2.2271347,3.446617,9.047398
24499,1.4203235,2.8073926,7.651637
24499,1.4203235,2.8073926,7.651637
24499,1.4203235,2.8073926,7.651637
24499,1.4203235,2.8073926,7.651637
24502,1.3772297,2.7619045,7.1847873
24526,1.1928841,3.1258075,5.659747
24526,1.1928841,3.1258075,5.659747
24536,1.0037503,3.599839,5.8895807
24543,0.8217988,3.8440373,6.02365
24591,1.1450021,4.50002,6.531199
24591,1.1450021,4.50002,6.531199
24591,1.1450021,4.50002,6.531199
24591,1.1450021,4.50002,6.531199
24591,1.1450021,4.50002,6.531199
24604,0.8601044,4.610149,6.442617
24648,-0.05204723,4.045141,7.967658
24649,-0.05204723,4.045141,7.967658
24649,-0.05204723,4.045141,7.967658
24649,-0.05204723,4.045141,7.967658
24670,-0.42073843,4.138511,8.719404
24670,-0.42073843,4.138511,8.719404
24672,-0.4566499,4.1217523,8.748135
24719,-1.1102389,4.8687115,8.183126
24719,-1.1102389,4.8687115,8.183126
24719,-1.1102389,4.8687115,8.183126
24719,-1.1102389,4.8687115,8.183126
24753,-1.206003,4.8016763,9.15513
24753,-1.206003,4.8016763,9.15513
24753,-1.206003,4.8016763,9.15513
24753,-1.206003,4.8016763,9.15513
24799,-1.2131852,4.710701,9.169497
24799,-1.2131852,4.710701,9.169497
24799,-1.2131852,4.710701,9.169497
24799,-1.2131852,4.710701,9.169497
24841,-0.9498343,4.1744227,10.416821
24841,-0.9498343,4.1744227,10.416821
24841,-0.9498343,4.1744227,10.416821
24841,-0.9498343,4.1744227,10.416821
24841,-0.9498343,4.1744227,10.416821
24867,-1.0072926,4.4018617,10.550892
24867,-1.0072926,4.4018617,10.550892
24894,-0.7080303,5.2397966,9.049791
24894,-0.6122663,5.3116193,8.855869
24894,-0.6122663,5.3116193,8.855869
24938,1.4059588,5.926903,9.775204
24938,1.4059588,5.926903,9.775204
24938,1.4059588,5.926903,9.775204
24939,1.4059588,5.926903,9.775204
24980,0.9103804,4.1169643,10.852547
24980,0.9103804,4.1169643,10.852547
24980,0.9103804,4.1169643,10.852547
24980,0.9103804,4.1169643,10.852547
24992,0.20172724,3.5519574,10.225292
24992,0.20172724,3.5519574,10.225292
25010,-0.3273686,3.0970786,9.200619
25034,-0.47340864,2.795422,8.803198
25034,-0.47340864,2.795422,8.803198
25034,-0.47340864,2.795422,8.803198
25060,-0.044864938,3.109049,8.544636
25060,-0.044864938,3.109049,8.544636
25098,0.5201424,3.9852889,7.821618
25098,0.5201424,3.9852889,7.821618
25098,0.5201424,3.9852889,7.821618
25098,0.5201424,3.9852889,7.821618
25105,0.52493054,4.157664,7.606149
25149,-0.2986394,3.7458792,7.189576
25149,-0.2986394,3.7458792,7.189576
25149,-0.2986394,3.7458792,7.189576
25149,-0.2986394,3.7458792,7.189576
25174,-0.8827995,3.3700058,7.2518225
25174,-0.8827995,3.3700058,7.2518225
25174,-0.8827995,3.3700058,7.2518225
25183,-0.9498343,3.3580353,7.0770535
25192,-0.98095745,3.4418285,7.0291715
25203,-0.98335165,3.666874,7.026777
25248,-0.75351816,3.8919194,7.1536646
25248,-0.75351816,3.8919194,7.1536646
25248,-0.75351816,3.8919194,7.1536646
25248,-0.75351816,3.8919194,7.1536646
25268,-0.44707352,4.1504817,7.1488767
25268,-0.44707352,4.1504817,7.1488767
25272,-0.35370368,4.236669,7.168029
25294,-0.006559357,4.44735,7.4912324
25294,-0.006559357,4.44735,7.4912324
25338,0.52493054,4.8902583,8.872627
25338,0.52493054,4.8902583,8.872627
25338,0.52493054,4.8902583,8.872627
25338,0.52493054,4.8902583,8.872627
25368,-0.10471741,3.9661362,10.0529175
25368,-0.10471741,3.9661362,10.0529175
25368,-0.10471741,3.9661362,10.0529175
25382,-0.6697247,4.392286,9.645922
25382,-0.6697247,4.392286,9.645922
25403,-1.1102389,4.576631,9.569309
25403,-1.1102389,4.576631,9.569309
25421,-1.1389682,4.677183,8.989939
25421,-1.1389682,4.677183,8.989939
25460,-0.21963415,5.2541614,9.607616
25460,-0.21963415,5.2541614,9.607616
25460,-0.21963415,5.2541614,9.607616
25498,0.7116703,4.7681594,11.5827465
25498,0.7116703,4.7681594,11.5827465
25498,0.7116703,4.7681594,11.5827465
25498,0.7116703,4.7681594,11.5827465
25505,0.6254827,4.729853,11.551624
25548,-0.25315154,4.430591,10.637077
25548,-0.25315154,4.430591,10.637077
25548,-0.25315154,4.430591,10.637077
25548,-0.25315154,4.430591,10.637077
25588,-2.0463314,4.104994,9.004303
25588,-2.0463314,4.104994,9.004303
25588,-2.0463314,4.104994,9.004303
25588,-2.0463314,4.104994,9.004303
25591,-1.9601439,4.0164123,9.179071
25602,-1.787769,3.8823426,9.406511
25611,-1.3831662,3.6956031,9.770414
25622,-0.5955076,3.4849226,10.373728
25631,-0.14781117,3.3005767,10.783117
25641,0.462684,2.8361216,11.597113
25652,0.6829411,2.1705623,12.320129
25661,0.63266504,1.8401766,12.583481
25671,0.19693905,1.3110808,12.514051
25681,-0.32018626,1.0333652,11.769487
25692,-0.9139228,0.98787737,10.682566
25701,-1.5962409,1.318263,9.332294
25711,-1.9170501,1.775536,8.42972
25721,-2.0990016,1.92397,7.946111
25732,-1.9481736,2.3309667,7.654031
25741,-1.8524096,2.627835,7.771342
25752,-1.5866646,2.7810574,8.034693
25761,-1.3855603,2.821757,8.092152
25771,-1.0551747,2.9007623,8.142427
25782,-0.921105,2.9055505,8.341137
25791,-0.65296596,2.8648508,8.762499
25802,-0.4566499,2.6948698,9.023457
25811,-0.37764466,2.503342,9.210196
25821,-0.2675161,2.4147604,9.384964
25831,-0.23399875,2.4051838,9.368206
25841,-0.26272792,2.4363072,8.99712
25851,-0.34412727,2.4889772,8.570971
25863,-0.5236847,2.50813,8.1017275
25871,-0.7654887,2.627835,8.070604
25881,-0.85167617,2.5440416,8.05624
25891,-0.7894296,2.4650364,8.029904
25902,-0.6840893,2.4506717,8.192703
25911,-0.5883254,2.457854,8.369867
25921,-0.6673306,2.30942,8.568577
25931,-0.76788276,2.1825328,8.527878
25942,-0.82055295,2.2352028,8.300438
25951,-0.88758767,2.30942,7.874288
25962,-1.0192631,2.4387014,7.5415087
25971,-1.0767215,2.5464358,7.2781577
25981,-1.1796678,2.7116284,7.1991525
25992,-1.2706436,2.843304,7.122541
26001,-1.2682494,2.9007623,7.0387473
26011,-1.1413622,2.9845557,6.95256
26021,-1.0120809,3.0707433,7.0363536
26032,-1.1150272,3.1976306,7.1273293
26041,-1.1892442,2.9007623,7.507991
26052,-1.1676973,2.7930279,7.938929
26061,-1.2443085,2.9630089,8.365078
26071,-1.5531472,3.3819764,8.381838
26081,-1.7039754,3.6956031,8.482389
26091,-1.622576,3.8560078,8.463236
26101,-1.4621714,4.054718,8.561394
26111,-1.3209196,4.2390633,8.707436
26122,-1.282614,4.267792,8.970785
26131,-1.282614,4.267792,8.970785
26141,-1.4310482,3.9996536,9.854208
26151,-1.4262599,4.0212,10.227688
26161,-1.452595,3.741091,10.684959
