7,0.81355286,1.5505524,8.834305
16,0.9020996,1.5170441,7.992035
26,1.0935211,1.2873383,8.647659
37,1.6582336,0.99780273,9.640686
46,2.555542,0.20578003,9.961319
57,2.634491,-0.3134613,10.119247
66,1.5505524,0.026321411,9.724426
76,0.36849976,0.21774292,9.348755
87,-0.52163696,0.6795654,9.4253235
96,-0.62213135,0.8805542,9.738785
107,0.15074158,0.72262573,10.679169
116,0.9714813,0.43310547,11.435303
127,1.9525452,0.22013855,11.944977
136,2.273178,0.33738708,11.909073
147,2.0913239,0.41156006,11.60997
156,1.524231,0.36610413,10.406387
167,0.83509827,0.20817566,9.281754
177,-0.095718384,0.21774292,8.260025
186,-0.8494568,0.65563965,7.7982025
197,-0.32781982,0.61735535,7.7479553
206,0.17945862,0.7010956,8.116455
217,1.0911255,1.5625153,9.198013
227,1.4428711,2.5076752,9.896713
236,1.2299042,3.2207336,9.322433
247,2.2324982,1.730011,7.544571
256,3.6825562,1.2394867,6.6783752
267,3.9625092,0.64367676,5.79303
277,3.826126,1.5768738,6.6185455
287,3.7926178,2.3306122,7.9824524
296,4.441086,1.9046936,9.001801
307,4.8143616,1.2993011,9.466003
316,4.4817505,1.0480499,9.595215
327,4.2951202,0.7848511,9.956543
336,4.1395874,0.7776642,10.200607
348,4.0295105,0.8805542,10.322632
356,3.706482,0.9643097,10.025925
366,3.373886,0.91166687,9.652649
376,3.1011047,0.6460571,9.284149
387,3.8548431,0.38285828,9.477966
396,4.709076,0.6963043,9.006592
407,4.922043,1.2179413,8.434708
417,4.003189,1.3423767,7.7455597
426,2.5986023,1.0935211,7.968094
436,1.5314026,0.8805542,8.506485
448,1.0073853,0.7154541,9.628723
456,1.2107697,0.8949127,10.494919
466,1.5122681,1.0001984,10.614563
478,1.7874451,1.0983124,10.305893
486,1.6941223,1.2945099,9.693329
497,1.8472595,1.3184509,9.312866
507,1.5003052,1.0456696,9.726822
517,1.4069824,1.0408783,9.817749
526,2.1272125,1.3088684,9.722046
536,2.5531464,1.3375854,9.595215
547,3.0173492,1.5026855,8.922836
557,3.1417694,1.6701965,7.9130707
566,3.110672,1.6127625,7.5804596
577,2.6608124,1.421341,7.6666107
586,2.4526367,1.306488,8.102097
597,2.5507507,1.0624084,9.315262
607,2.6679993,1.1150513,10.061813
617,2.938385,0.98106384,10.138397
626,2.9623108,1.0863342,9.76033
637,2.9216309,1.2849426,8.8989105
647,2.967102,1.4476624,8.135605
657,3.1920319,1.6223297,7.7862396
666,3.3044891,1.7132568,7.6953125
677,3.0771637,1.6223297,7.8388824
686,2.926422,1.5266266,8.386841
698,3.0915222,1.351944,8.884552
706,3.2662048,1.0959167,9.312866
717,3.2805634,1.1222382,9.480362
727,3.2207336,1.2012024,9.475586
736,3.2183533,1.2610168,9.236298
747,3.0723877,1.3208313,9.078369
756,2.9814606,1.2107697,9.135803
766,2.9288177,1.2514496,9.147766
776,2.9120636,1.1844482,9.011368
786,2.897705,1.208374,8.872589
798,2.9001007,1.2442627,8.920441
806,2.6560364,1.2658081,9.04248
817,2.6799622,1.3567352,9.107086
827,3.0580292,1.385437,8.834305
836,3.184845,1.4189453,8.712265
847,3.0053864,1.5026855,8.705093
857,2.7469635,1.5026855,8.8367
868,2.567505,1.4931183,8.860626
876,2.531601,1.2993011,9.032898
887,2.4957123,1.2562256,9.231506
899,2.5507507,1.2394867,9.667007
907,2.589035,1.3016968,9.894318
916,2.6105652,1.3734741,9.9062805
929,2.6967163,1.4333038,9.623932
937,2.8283234,1.450058,9.401398
946,2.9647064,1.557724,9.32962
957,3.0747833,1.5553284,9.389435
967,3.0915222,1.5337982,9.463608
976,3.012558,1.5170441,9.506683
987,2.9838562,1.4333038,9.422943
997,2.9623108,1.3830566,9.317657
1007,2.8713837,1.426117,9.150162
1017,2.7828522,1.4667969,9.126221
1026,2.766098,1.5984039,9.099899
1036,2.8187408,1.6725769,8.977875
1048,3.036499,1.763504,8.937195
1057,3.1824493,1.8017883,8.874985
1067,3.270996,1.696518,8.817551
1076,3.3356018,1.5744781,8.889343
1086,3.287735,1.4333038,9.109482
1096,3.1680908,1.3758698,9.245865
1106,3.2231293,1.2322998,9.269791
1117,3.4121704,1.2442627,9.140579
1127,3.4863434,1.3423767,8.894119
1137,3.5988007,1.3710938,8.640488
1146,3.768692,1.3304138,8.5902405
1156,3.8022003,1.3375854,8.638092
1168,3.7136536,1.2370911,8.695511
1177,3.5988007,1.076767,8.611771
1187,3.5605164,1.0289154,8.647659
1197,3.5389862,0.9643097,8.688339
1206,3.5844421,0.99780273,8.700302
1216,3.6705933,1.002594,8.614166
1227,3.735199,1.0193481,8.518448
1237,3.7615204,1.1198425,8.372482
1247,3.830902,1.2801666,8.154739
1256,3.8931274,1.3351898,7.8867493
1267,3.9649048,1.3734741,7.812561
1277,3.8141632,1.380661,7.9417725
1286,3.625122,1.5003052,8.140381
1296,3.596405,1.6175537,8.056641
1307,3.838089,1.7324066,7.8675995
1317,3.998413,1.7730865,7.853241
1326,4.055832,1.8017883,7.927429
1336,3.9720917,1.7611237,8.133209
1347,3.900299,1.6821594,8.449051
1357,3.878769,1.6175537,8.738586
1366,3.7543335,1.6749725,8.975479
1376,3.7423706,1.7324066,9.238693
1386,3.728012,1.7132568,9.406189
1397,3.5485535,1.6486511,9.449265
1406,3.3595276,1.5649109,9.401398
1417,3.2781677,1.4763641,9.343979
1426,3.2949219,1.3902283,9.217148
1437,3.2159576,1.2897339,8.992233
1446,3.2015991,1.3088684,8.932404
1456,3.270996,1.2945099,8.920441
1467,3.2733765,1.2442627,8.925232
1476,3.1752777,1.1629181,8.839081
1487,3.2350922,1.071991,8.556732
1497,3.2973022,0.9834442,8.2456665
1506,3.180069,0.8757782,7.984848
1516,2.9838562,0.69869995,7.5421753
1527,2.8809662,0.50727844,7.3914337
1536,2.7972107,0.33021545,7.389038
1546,2.589035,0.2416687,7.453644
1557,2.416748,0.107681274,7.4895325
1567,2.2947235,-0.124420166,7.561325
1576,1.8209381,-0.45224,7.377075
1587,1.5146637,-0.624527,7.073181
1597,1.5984039,-0.7800598,6.9224396
1607,1.8161469,-0.8901367,6.855438
1617,1.351944,-1.1485596,6.6424713
1627,0.7513428,-1.3663025,6.305084
1637,0.16270447,-1.660614,6.003586
1647,-0.01914978,-1.4859467,5.7762756
1657,1.8113708,-0.8494568,5.5250244
1667,5.2498474,-0.8805542,4.7401886
1677,6.168701,-1.4620209,4.417145
1687,5.620743,-2.096115,4.598999
1696,4.441086,-2.4717865,5.1541443
1706,2.9431763,-2.4550323,6.1902313
1717,2.399994,-2.399994,6.8362885
1727,2.428711,-2.395218,7.1210327
1736,3.8620148,-2.210968,7.4967194
1746,5.797806,-2.5842438,6.9344025
1756,7.635498,-3.349945,6.072983
1766,9.054443,-3.5150604,5.620743
1777,10.99263,-3.1992035,5.42453
1786,12.6388855,-3.0221405,5.120636
1796,13.646271,-3.1489563,4.82872
1806,13.768295,-3.2494507,4.656433
1817,13.698914,-2.670395,4.800003
1827,14.297119,-2.1104736,4.8382874
1838,15.096313,-1.9405823,4.5750732
1847,15.594025,-2.268402,4.199402
1857,15.579666,-2.634491,3.9864502
1866,15.168106,-2.7062836,3.9792633
1877,14.682358,-2.498108,3.9936218
1888,14.287552,-1.8281097,3.5772705
1897,14.639282,-1.5840454,2.8426666
1907,14.541183,-1.6414795,2.1942139
1916,13.282562,-2.0267181,1.1844482
1927,11.413757,-2.3641052,0.653244
1937,10.112076,-2.3377838,0.6077728
1947,9.291336,-2.1607208,0.66041565
1956,8.767303,-2.1152496,0.4355011
1967,8.267197,-2.1607208,-0.1531372
1977,7.590027,-2.3688965,-1.964508
1986,6.972687,-2.761322,-5.4508514
1997,7.6163483,-3.0891266,-3.7567291
2006,8.185852,-3.1178436,-1.5625153
2017,8.401199,-3.0341034,0.2416687
2026,8.650055,-3.0891266,0.8159485
2038,9.152542,-3.3260193,2.0889282
2048,8.626129,-3.2111664,2.5005035
2057,8.324631,-3.172882,2.663208
2067,8.159531,-3.3690948,3.7016907
2076,8.551941,-3.3762665,3.6993103
2086,8.8701935,-3.0388794,2.938385
2097,8.961121,-1.861618,1.4763641
2109,8.951553,-1.0648041,1.5385895
2117,8.092529,-0.6125641,0.76091003
2126,7.585251,-0.7010956,1.2012024
2136,7.704895,-0.7992096,1.8352966
2147,8.169098,-0.75613403,2.526825
2156,8.774475,-0.55752563,2.8307037
2167,9.154938,-0.5096741,2.9288177
2176,10.09053,-0.63648987,3.2279205
2187,10.358536,-0.7082825,3.7926178
2196,10.738983,-0.9834442,4.0773773
2206,10.45903,-1.1557312,3.6131592
2217,10.021149,-1.0480499,2.5411835
2226,9.918243,-1.0600128,2.1391907
2237,8.118851,-1.0887299,0.35653687
2247,8.975479,-1.8711853,1.7491608
2257,9.099899,-2.1583252,2.7876434
2267,8.98027,-2.038681,2.5818634
2276,9.564117,-1.6390839,1.5720825
2287,10.39682,-1.5816498,0.7465668
2297,10.21257,-1.4165497,1.3136597
2307,10.054642,-1.1509552,2.342575
2317,9.363113,-1.0121613,2.0817566
2326,9.707687,-1.0911255,1.6869354
2337,10.351349,-0.22970581,2.0817566
2346,10.19342,-0.119644165,2.3928223
2356,9.913467,-0.26560974,2.8618164
2369,9.107086,-0.45224,3.0963135
2377,8.4179535,-0.5431671,2.9001007
2386,8.384445,-0.68434143,2.3808594
2397,8.171494,-0.7393799,2.3330078
2407,7.6426697,-0.7130585,2.802002
2418,7.2095795,-0.9308014,3.6897278
2427,6.649658,-1.0432739,4.220932
2436,5.797806,-0.9499512,3.9577332
2447,5.1589203,-0.77526855,2.5986023
2457,5.309677,-0.7848511,1.6510468
2467,6.821945,-1.3232269,0.7130585
2476,8.528015,-1.9525452,0.37806702
2487,8.762512,-1.9286194,0.80877686
2496,9.671783,-1.3734741,0.7657013
2506,12.880569,-0.9786682,-0.17228699
2516,15.567703,-1.0049896,-1.0887299
2527,17.161331,-0.8422699,-1.306488
2536,17.245071,-0.6412811,-0.34457397
2547,15.634705,-0.06460571,2.4358978
2556,13.581665,0.028717041,4.369293
2566,13.423737,-0.83987427,3.9601288
2577,14.50769,-1.8520508,3.3212433
2586,15.383453,-2.0817566,3.254242
2596,16.35733,-2.3330078,2.5986023
2607,16.754547,-2.4957123,0.5790558
2617,15.316452,-2.3976135,-0.5048828
2627,13.682159,-2.2157593,-1.2466583
2636,11.806183,-2.629715,-0.81355286
2647,8.721832,-2.4311066,0.32063293
2657,5.7308044,-2.4885406,1.3567352
2666,5.2139587,-2.806778,2.5507507
2677,6.649658,-2.170288,4.055832
2686,8.891724,-1.6773682,3.6586304
2698,10.667206,0.117248535,3.345169
2706,6.747757,-0.18185425,0.23210144
2717,4.4817505,0.15553284,-2.5005035
2726,2.9288177,1.1102753,-2.1296082
2737,4.0247345,1.4069824,1.2610168
2746,4.3621216,1.4811554,3.2111664
2757,3.8332977,1.9621124,3.2231293
2767,2.6081696,2.7110748,3.3332062
2777,3.2015991,3.081955,3.8524475
2786,3.9505463,3.012558,3.7256317
2797,4.7521515,2.7230377,2.5746765
2806,5.139786,2.703888,1.2969055
2817,5.2378845,2.531601,-0.5359955
2827,5.682953,1.8520508,-2.376068
2837,6.685547,0.87815857,-3.1824493
2847,7.7192535,0.29193115,-2.7972107
2857,9.674179,-0.5120697,-2.3665009
2866,10.41835,-1.2227325,-2.2899323
2877,9.915863,-2.4526367,-1.3926239
2886,9.982849,-3.2949219,0.31585693
2897,10.473389,-3.5461578,2.0147552
2906,11.60759,-3.7256317,3.6299133
2917,12.117249,-4.130005,3.275772
2926,10.344177,-4.1826477,2.2564392
2937,7.429718,-3.9098663,0.67237854
2946,5.625519,-3.632309,0.624527
2957,5.4101715,-5.149353,1.076767
2966,5.9940186,-7.8508453,0.0765686
2977,9.738785,-9.74118,-1.4644012
2986,10.56192,-8.446671,-0.830307
2996,8.705093,-6.4821625,0.5096741
3007,4.9914246,-6.151947,0.95474243
3016,4.5511475,-6.3601227,0.94277954
3026,5.345566,-6.295517,1.5888367
3037,6.2524414,-5.721237,1.6486511
3046,4.565506,-4.8550415,1.8448639
3057,4.2831573,-5.996414,3.735199
3067,6.9750824,-8.362915,4.7617188
3077,8.181061,-9.544968,5.099106
3086,7.7766724,-7.903488,4.0869446
3096,8.331802,-7.1976166,3.4145508
3107,9.552155,-7.726425,2.823532
3117,10.650452,-8.329422,2.1128693
3126,11.499908,-8.606979,1.6319122
3137,11.899506,-8.238495,1.1844482
3146,16.981857,-9.322433,-6.8243256
3158,20.700302,-9.836899,-17.77388
3167,17.541779,-8.717056,-13.246674
3176,11.56691,-9.245865,-2.4335022
3187,9.96611,-10.82753,0.57188416
3196,8.379669,-10.712662,2.2372894
3207,7.8915253,-9.628723,2.6368866
3216,8.511276,-9.131012,1.799408
3227,6.2117615,-6.0466614,0.093322754
3237,4.881363,-5.0895386,-0.050247192
3247,3.7782745,-5.0033875,-0.071777344
3257,3.1465607,-5.6351013,0.009567261
3268,2.9072723,-6.168701,-0.04307556
3276,2.794815,-6.2285156,-0.13877869
3287,3.390625,-6.197418,-0.20817566
3298,5.1349945,-6.623337,0.7513428
3306,5.2953186,-6.924835,1.4572296
3317,5.6733856,-7.001404,1.1078796
3327,5.1182404,-7.0492554,0.8685913
3336,4.2879333,-7.0779724,0.92362976
3348,3.5365906,-7.137787,0.69392395
3356,3.2350922,-7.6091766,0.13639832
3367,2.8283234,-8.121246,-0.5144501
3377,2.4143524,-8.506485,-1.2993011
3386,1.426117,-8.312668,-2.5100708
3397,1.2538452,-8.0327,-3.4384918
3406,1.8975067,-7.9776764,-3.974472
3417,3.041275,-8.537598,-2.5005035
3426,3.763916,-8.5902405,-1.0049896
3437,4.2352905,-8.73381,0.124420166
3446,4.2711945,-8.712265,0.34217834
3457,4.1228333,-8.669189,0.68434143
3466,3.9050903,-8.640488,0.76330566
3477,3.0317078,-8.231308,0.5168457
3486,2.5746765,-8.147568,0.25125122
3496,2.0697937,-7.6953125,-0.14117432
3506,1.696518,-6.9750824,-0.42591858
3517,1.3950195,-5.5345917,-1.0456696
3526,1.1413727,-5.0392914,-1.9860382
3537,0.37327576,-4.237686,-1.6941223
3547,0.22970581,-3.8811646,-1.4380798
3557,0.06939697,-3.6969147,-0.99302673
3567,0.093322754,-3.8500519,-0.9068756
3577,-0.30867004,-5.0440674,0.04307556
3587,-0.55274963,-5.3072815,0.84706116
3598,0.071777344,-4.2831573,0.07417297
3607,0.3397827,-4.051056,-0.38523865
3616,2.773285,-7.5014954,0.16989136
3627,4.3836517,-10.080963,0.8877411
3637,3.7304077,-14.768509,1.2370911
3647,2.9766693,-20.367706,1.5074768
3657,2.4311066,-22.798813,1.5625153
3667,1.6342926,-24.949966,1.7371826
3676,0.44506836,-26.120056,1.8568268
3686,-1.3830566,-25.124634,1.5553284
3697,-2.0291138,-22.145569,1.450058
3706,-1.4596252,-18.247665,1.2538452
3717,-0.8901367,-14.488541,0.91645813
3726,-0.5048828,-11.545364,0.62931824
3737,-0.21534729,-9.049652,0.21774292
3746,-0.117248535,-7.274185,-0.66760254
3759,0.15074158,-5.15654,-3.4504547
3768,0.81355286,-4.737793,-6.1423798
3777,1.0839539,-4.823929,-6.7046967
3786,2.033905,-6.357727,-6.2237244
3797,1.552948,-8.650055,-3.2087708
3806,1.1174469,-9.731613,-1.7467651
3817,0.8518524,-10.29631,-0.8638153
3827,0.28234863,-10.990234,0.3756714
3836,0.055038452,-11.07399,0.80877686
3848,0.026321411,-10.980667,1.282547
3857,0.098098755,-10.49971,1.6917267
3866,0.16989136,-10.159927,1.7922211
3877,0.35414124,-9.71965,1.7850494
3887,0.5479584,-9.525833,1.5649109
3897,0.6508484,-9.59761,1.385437
3907,0.75613403,-9.750748,1.1198425
3916,0.82073975,-9.997208,0.7657013
3927,0.8279114,-10.107285,0.50727844
3938,0.80877686,-10.057037,0.36610413
3946,0.82073975,-9.865616,0.21296692
3957,0.8638153,-9.578476,-0.055038452
3967,1.0265198,-9.300903,-0.46420288
3977,1.2753754,-9.193222,-1.1270142
3986,1.426117,-9.207581,-1.557724
3997,1.5888367,-9.298508,-1.8065796
4008,1.6127625,-9.458832,-1.8903351
4016,1.524231,-9.621536,-1.8017883
4027,1.3304138,-9.791428,-1.4811554
4037,1.2131653,-9.889542,-1.1820526
4046,1.0217285,-10.021149,-0.550354
4057,0.92362976,-10.104889,-0.04307556
4067,0.68673706,-10.052246,0.50727844
4076,0.59103394,-9.954147,0.75852966
4087,0.5742798,-9.834503,1.0911255
4096,0.62931824,-9.67897,1.3351898
4107,0.80158997,-9.556931,1.4428711
4116,0.9786682,-9.489929,1.4931183
4127,1.3016968,-9.4253235,1.5170441
4136,1.5026855,-9.461227,1.5098724
4147,1.9836426,-9.561722,1.3423767
4156,2.766098,-9.686142,0.33499146
4168,5.5202484,-10.001999,-5.5034943
4176,5.149353,-9.786652,-3.7615204
4187,4.4075775,-9.559326,-1.5553284
4196,3.9601288,-9.422943,-0.6795654
4209,3.3308105,-9.540192,0.100494385
4216,2.897705,-9.61676,0.55752563
4227,2.354538,-9.7005005,0.91645813
4237,1.902298,-9.724426,0.91645813
4246,1.3447723,-9.757935,0.9020996
4257,0.9906311,-9.791428,0.8685913
4266,0.66760254,-9.8033905,0.80877686
4277,0.53359985,-9.793823,0.7680969
4288,0.6508484,-9.784256,0.6508484
4296,0.74894714,-9.755539,0.49771118
4306,0.75613403,-9.731613,0.16270447
4317,0.72502136,-9.6957245,0.011962891
4327,0.5694885,-9.693329,-0.122039795
4336,0.41874695,-9.67897,-0.32302856
4347,0.32063293,-9.657425,-0.6125641
4357,0.33499146,-9.607178,-0.71066284
4367,0.38763428,-9.559326,-0.74417114
4377,0.5048828,-9.4253235,-0.7010956
4386,0.61016846,-9.353546,-0.58384705
4397,0.7800598,-9.257828,-0.447464
4407,0.8614197,-9.209976,-0.38523865
4417,0.9954071,-9.119049,-0.33499146
4432,1.0959167,-8.9730835,-0.4091797
4436,1.1294098,-8.930008,-0.4091797
4447,1.2035828,-8.757736,-0.43788147
4457,1.2634125,-8.6931305,-0.43310547
4466,1.3830566,-8.571091,-0.3637085
4476,1.4883423,-8.575882,-0.24406433
4487,1.6103668,-8.685944,-0.15074158
4496,1.7539368,-8.860626,0.055038452
4507,1.861618,-8.98027,0.279953
4516,1.9692993,-9.078369,0.38046265
4527,2.2372894,-9.2482605,0.37806702
4537,2.411972,-9.384644,0.3254242
4546,2.6321106,-9.497116,0.33259583
4557,2.823532,-9.554535,0.4283142
4568,3.0556335,-9.609573,0.5024872
4576,3.328415,-9.588043,0.5359955
4587,3.9050903,-9.554535,0.6149597
4596,4.2640076,-9.456436,0.74417114
4607,4.58226,-9.358322,1.1772614
4616,4.742569,-9.260223,1.7706909
4627,4.5966187,-9.243469,2.2014008
4636,4.37648,-9.360718,2.0913239
4647,4.051056,-9.745972,1.3686981
4656,3.7950134,-10.00679,0.83987427
4666,3.2686005,-10.463806,0.4857483
4678,2.6871338,-10.66481,0.59580994
4687,1.9142609,-10.832306,0.624527
4698,0.8757782,-10.937592,0.41874695
4707,0.21534729,-10.928024,0.117248535
4717,-0.5479584,-10.74617,-0.36610413
4727,-1.2753754,-10.229324,-1.2658081
4738,-1.5385895,-9.934998,-2.0243225
4746,-1.6654053,-9.753143,-2.6129608
4757,-1.1988068,-9.348755,-2.892929
4767,-0.37806702,-9.140579,-1.3136597
4777,-0.105285645,-9.032898,-0.35653687
4787,0.047851562,-9.090332,0.6628113
4796,0.0765686,-9.214767,0.9667053
4809,0.36610413,-9.454041,1.0456696
4816,0.67477417,-9.600006,1.146164
4827,1.1509552,-9.796219,1.2849426
4837,1.6342926,-10.121643,1.4117584
4846,1.8664093,-10.303497,1.4739838
4857,1.8999023,-10.360916,1.4476624
4867,1.7970123,-10.284348,1.3375854
4876,1.5912323,-10.037888,1.1605225
4887,1.2658081,-9.609573,0.8901367
4896,1.1365967,-9.327225,0.7657013
4907,1.1006927,-8.932404,0.63409424
4916,1.1724854,-8.810379,0.5742798
4927,1.3375854,-8.867798,0.5647125
4937,1.3543396,-9.061615,0.5359955
4947,1.2729797,-9.430115,0.5168457
4957,1.1820526,-9.712463,0.5383911
4967,0.97387695,-9.894318,0.6269226
4976,0.8279114,-10.059433,0.7393799
4987,0.7417755,-10.1527405,0.87338257
4998,0.6508484,-10.17189,0.9882355
5007,0.5886383,-10.121643,1.2131653
5017,0.35653687,-9.954147,1.421341
5027,0.22492981,-9.76033,1.6941223
5036,0.16749573,-9.61676,1.7682953
5047,0.22253418,-9.466003,1.7778625
5057,0.42114258,-9.384644,1.7252197
5066,0.41156006,-9.279373,1.6797638
5077,0.2871399,-9.1453705,1.6295166
5087,0.18902588,-9.04248,1.5936127
5096,0.06460571,-9.049652,1.5888367
5107,0.050247192,-9.209976,1.6390839
5117,0.047851562,-9.310471,1.6773682
5127,0.114852905,-9.451645,1.6199341
5136,0.20578003,-9.769897,1.5457611
5147,0.22013855,-9.899109,1.5553284
5157,0.15792847,-9.927826,1.5337982
5166,0.047851562,-9.786652,1.529007
5177,0.04547119,-9.645462,1.5696869
5186,0.095718384,-9.444473,1.5122681
5197,0.098098755,-9.334396,1.4644012
5207,0.052642822,-9.22673,1.4237366
5216,0.035888672,-9.209976,1.414154
5228,0.035888672,-9.231506,1.3782654
5237,0.047851562,-9.214767,1.3615112
5247,0.04547119,-9.193222,1.3399811
5256,0.071777344,-9.162125,1.2610168
5268,0.088531494,-9.104691,1.174881
5276,0.107681274,-9.102295,1.1437683
5287,0.13400269,-9.164505,1.1557312
5296,0.21296692,-9.308075,1.1652985
5309,0.33738708,-9.468399,1.1724854
5316,0.36610413,-9.489929,1.1820526
5327,0.57188416,-9.836899,1.174881
5337,0.653244,-9.999603,1.1820526
5346,0.75613403,-10.145569,1.1318054
5356,0.8805542,-10.255646,1.0432739
5366,0.93559265,-10.279572,0.9882355
5377,0.98583984,-10.188644,0.9140625
5387,1.0671997,-10.080963,0.8901367
5397,1.1676941,-10.025925,0.85902405
5406,1.2514496,-9.963715,0.8614197
5417,1.3543396,-9.913467,0.830307
5426,1.3878326,-9.88475,0.7848511
5436,1.4380798,-9.865616,0.7728882
5447,1.4955139,-9.839294,0.77049255
5456,1.5625153,-9.820145,0.80158997
5468,1.6821594,-9.865616,0.8374939
5477,1.7682953,-9.942184,0.8661957
5486,1.8735809,-10.001999,0.92362976
5497,1.9884338,-10.09053,0.95951843
5509,2.1320038,-10.159927,0.99302673
5516,2.1918182,-10.243668,1.0265198
5527,2.297104,-10.4231415,1.0337067
5536,2.4023895,-10.68634,1.002594
5547,2.498108,-10.968704,1.002594
5556,2.5507507,-11.210373,0.9762726
5567,2.5938263,-11.289337,0.9786682
5578,2.7397766,-11.207977,0.98583984
5586,2.864212,-11.026123,1.0097656
5597,2.868988,-10.712662,0.933197
5607,2.5052795,-9.918243,0.61016846
5616,2.0841522,-9.178864,0.08135986
5627,1.7467651,-8.662018,-0.3637085
5637,1.5960083,-8.255234,-1.0528412
5647,2.658432,-7.9824524,-9.592819
5657,3.1417694,-7.984848,-10.21257
5667,1.6295166,-8.958725,-1.5625153
5676,1.002594,-9.57608,0.59580994
5688,0.22970581,-10.549957,2.4047852
5696,-0.1986084,-11.150558,2.8546448
5707,-0.44267273,-11.779861,2.9431763
5717,-0.5670929,-12.129211,2.897705
5727,-0.64367676,-12.227325,2.8546448
5737,-0.66760254,-12.160324,2.7397766
5746,-0.6460571,-12.062225,2.7373962
5758,-0.54556274,-11.7344055,2.7565308
5766,-0.48812866,-11.40419,2.6656036
5778,-0.34695435,-10.93042,2.4765778
5786,-0.32302856,-10.559525,2.3928223
5797,-0.29431152,-10.025925,2.2085724
5806,-0.23449707,-9.341583,2.0003967
5817,-0.24406433,-8.831909,1.7922211
5827,-0.22492981,-8.372482,1.450058
5837,-0.01675415,-8.183456,0.42591858
5846,1.4739838,-8.334198,-3.9840546
5857,1.8879395,-8.537598,-3.3308105
5866,1.4667969,-8.700302,-1.2921295
5877,1.1509552,-9.020935,0.29670715
5887,1.0648041,-9.284149,0.9068756
5898,1.105484,-9.336792,1.1150513
5907,1.1437683,-9.293716,1.1150513
5917,1.208374,-9.209976,0.6053772
5926,1.0097656,-9.126221,-0.13639832
5937,0.48335266,-8.915665,-0.51924133
5947,-0.14356995,-8.523239,-0.21774292
5957,-0.46420288,-8.303101,0.1603241
5966,-0.68673706,-8.193024,0.51924133
5976,-0.8925171,-8.133209,0.6077728
5987,-1.0097656,-8.094925,0.5096741
5996,-0.9906311,-8.121246,0.34695435
6006,-0.7082825,-8.204987,0.19381714
6017,-0.21774292,-8.291138,0.110076904
6026,0.6077728,-8.374878,-0.055038452
6037,1.4021912,-8.530411,-0.46420288
6046,2.0315094,-8.736191,-0.99302673
6057,2.567505,-8.941986,-0.9571228
6067,2.835495,-9.040085,-0.5120697
6076,3.1322021,-9.104691,-0.01914978
6087,3.385849,-9.183655,0.31825256
6097,3.5700989,-9.238693,0.48335266
6106,3.7088776,-9.164505,0.94755554
6118,3.6993103,-9.052048,1.1964111
6126,3.7375946,-8.941986,1.5553284
6136,3.7160492,-8.920441,1.5720825
6147,3.9768677,-9.052048,1.277771
6156,4.417145,-9.291336,0.7800598
6167,4.965103,-9.59761,0.050247192
6177,5.852844,-9.915863,-0.61735535
6187,6.8410797,-10.210175,-0.8877411
6197,7.101898,-10.298706,-0.5168457
6206,6.9583282,-10.167099,0.93559265
6217,6.2476654,-9.860825,2.1631165
6227,5.1924286,-9.501892,2.7445679
6236,3.9170532,-9.095123,2.5028992
6246,2.100891,-8.894119,1.4715881
6257,1.1676941,-9.619141,0.6412811
6267,0.8159485,-10.616959,0.090927124
6278,0.119644165,-11.665009,-0.97387695
6287,-0.6963043,-12.24408,-2.486145
6297,-1.3639069,-12.504898,-3.9457703
6307,-1.146164,-12.40918,-4.2065887
6316,-0.17945862,-12.193817,-2.892929
6327,1.4979095,-11.655441,0.24645996
6336,2.3736877,-10.272385,2.9742737
6348,1.2586212,-9.260223,3.0580292
6357,0.7298126,-8.970688,2.651245
6367,0.050247192,-8.17627,1.4667969
6376,0.22732544,-7.7742767,1.076767
6386,0.45463562,-7.657028,0.9643097
6397,1.0289154,-7.6331024,0.54556274
6406,1.1700897,-7.9202423,-0.39720154
6417,1.2610168,-8.367706,-1.1605225
6426,1.6630096,-9.427719,-0.4785614
6436,2.1104736,-10.451843,1.1700897
6447,1.9525452,-10.70549,2.0721893
6456,1.7348022,-10.626526,2.3665009
6466,1.3686981,-10.281952,2.5244293
6476,1.1724854,-9.915863,2.445465
6486,1.1964111,-9.743576,2.3018951
6497,1.1652985,-9.442078,1.7850494
6506,1.0145569,-9.300903,1.4811554
6517,0.8422699,-9.262619,1.2035828
6527,0.63648987,-9.3511505,0.77526855
6537,0.5647125,-9.399002,0.55513
6546,0.5264282,-9.466003,0.42114258
6557,0.5024872,-9.410965,0.37088013
6566,0.5359955,-9.322433,0.44506836
6578,0.5024872,-9.200409,0.6006012
6587,0.5144501,-9.128616,0.7848511
6600,0.49531555,-9.001801,1.0384827
6607,0.40438843,-8.915665,1.2634125
6617,0.32781982,-8.925232,1.3830566
6626,0.31585693,-9.013763,1.4955139
6637,0.40678406,-9.190826,1.6103668
6646,0.42352295,-9.413361,1.7467651
6657,0.34217834,-9.552155,2.0195465
6666,0.22013855,-9.667007,2.2014008
6677,0.2632141,-9.805786,2.3497467
6686,0.32302856,-9.853638,2.3856506
6696,0.71066284,-9.980469,2.4765778
6706,0.81355286,-9.867996,2.4263153
6717,0.8877411,-9.839294,2.251648
6726,0.95474243,-9.812973,2.050644
6736,1.0815582,-9.836899,1.8544312
6747,1.1652985,-9.777069,1.6701965
6756,1.2634125,-9.726822,1.5433655
6767,1.3663025,-9.556931,1.3040924
6776,1.4596252,-9.434906,1.1246338
6787,1.5553284,-9.32962,0.95474243
6796,1.6319122,-9.310471,0.8949127
6807,1.6654053,-9.317657,0.7776642
6816,1.7108612,-9.343979,0.7010956
6827,1.7515411,-9.39183,0.6388855
6836,1.7730865,-9.43251,0.62213135
6846,1.7491608,-9.468399,0.6053772
6857,1.7228394,-9.506683,0.5790558
6866,1.8017883,-9.544968,0.5886383
6877,1.8209381,-9.525833,0.6388855
6886,1.7515411,-9.482758,0.6149597
6896,1.6319122,-9.43251,0.5934143
6906,1.4811554,-9.382263,0.5862427
6917,1.2945099,-9.39183,0.59820557
6926,1.1964111,-9.43251,0.63648987
6937,1.0863342,-9.497116,0.69869995
6946,0.98583984,-9.5234375,0.75613403
6956,0.8925171,-9.628723,0.8925171
6967,0.83270264,-9.738785,1.0504456
6976,0.8183441,-9.832108,1.2658081
6992,0.830307,-9.978073,1.6223297
6998,0.8494568,-9.997208,1.7970123
7006,0.88534546,-10.088135,1.9597168
7016,0.9140625,-10.21257,2.108078
7026,1.002594,-10.305893,2.1439667
7037,1.1198425,-10.310669,2.0650024
7046,1.2275238,-10.279572,1.8951111
7058,1.3495483,-10.236496,1.6366882
7066,1.426117,-10.157532,1.385437
7076,1.5098724,-10.1527405,1.2418823
7087,1.6103668,-10.121643,1.1940155
7096,1.7515411,-10.116852,1.1820526
7107,1.8951111,-10.121643,1.2370911
7116,2.0147552,-10.10968,1.2897339
7127,2.1056824,-10.073776,1.3136597
7136,2.1607208,-9.954147,1.3495483
7147,2.1918182,-9.894318,1.3639069
7156,2.2899323,-9.9039,1.3304138
7167,2.3018951,-9.891922,1.2634125
7176,2.1176453,-9.671783,1.1820526
7187,1.9190369,-9.267395,1.0193481
7196,1.7491608,-8.8701935,0.92362976
7207,1.5816498,-8.236099,0.66041565
7216,1.4979095,-7.8221436,0.38763428
7228,1.4165497,-7.573288,0.16989136
7237,1.3399811,-7.8460693,0.07896423
7246,1.2562256,-8.403595,0.035888672
7256,0.9762726,-9.439682,0
7267,0.5168457,-10.72702,0.007171631
7276,0.08375549,-11.595627,0.07417297
7287,-0.35891724,-12.2608185,0.30389404
7297,-1.0169525,-12.579071,0.6269226
7309,-1.5601196,-12.356537,0.8805542
7317,-1.9956207,-11.674576,1.1150513
7326,-2.2181396,-10.794022,1.2370911
7336,-2.342575,-9.954147,0.82073975
7347,-2.395218,-9.5234375,0.38285828
7357,-2.1607208,-8.863022,-0.28474426
7367,-2.0027924,-8.456238,-0.69392395
7377,-1.8855438,-8.274384,-0.8542328
7386,-1.7467651,-8.188232,-0.8638153
7397,-1.5098724,-8.370087,-0.61016846
7406,-1.2921295,-8.604584,-0.26081848
7416,-1.0695953,-8.930008,0.28953552
7426,-0.8494568,-9.171692,0.624527
7437,-0.41635132,-9.427719,0.90927124
7447,0.050247192,-9.63829,1.0815582
7456,0.550354,-9.791428,1.1174469
7466,0.99302673,-9.817749,1.1940155
7476,1.3782654,-9.779465,1.2969055
7486,1.6678009,-9.688538,1.4309082
7497,2.067398,-9.561722,1.5912323
7506,2.2612152,-9.489929,1.6654053
7516,2.526825,-9.444473,1.6917267
7526,2.7972107,-9.389435,1.6917267
7536,3.180069,-9.382263,1.5481567
7547,3.728012,-9.315262,1.0049896
7556,4.134796,-9.200409,0.5383911
7567,4.3740845,-9.013763,0.41874695
7576,4.2592316,-8.889343,0.43310547
7586,3.8332977,-8.851059,0.32781982
7596,2.9910278,-8.992233,-0.014358521
7607,1.8903351,-9.238693,-0.3900299
7616,1.5960083,-9.360718,-0.4355011
7627,1.0241241,-9.652649,-0.43788147
7636,0.3397827,-9.877579,-0.41156006
7646,0.093322754,-9.961319,-0.32781982
7656,0.04547119,-10.104889,-0.20100403
7666,-0.01914978,-10.2341,-0.12921143
7677,-0.19381714,-10.35614,-0.07896423
7686,-0.26560974,-10.406387,-0.047851562
7696,-0.39482117,-10.387238,-0.04547119
7707,-0.36131287,-10.325027,0.00239563
7717,-0.4019928,-10.17189,0.07417297
7726,-0.4857483,-10.059433,0.122039795
7737,-0.47138977,-9.817749,0.28234863
7746,-0.36131287,-9.755539,0.39242554
7756,-0.22492981,-9.61676,0.6891327
7766,-0.14117432,-9.571289,0.7920227
7777,-0.16270447,-9.595215,0.8374939
7786,-0.17945862,-9.734009,0.7800598
7796,-0.119644165,-9.858429,0.7130585
7806,-0.01914978,-9.9039,0.7034912
7816,0.0765686,-9.824936,0.73698425
7827,0.13877869,-9.743576,0.76330566
7836,0.18185425,-9.652649,0.7417755
7847,0.1651001,-9.609573,0.7010956
7856,0.18185425,-9.580856,0.6197357
7866,0.18902588,-9.619141,0.45942688
7876,0.22013855,-9.714859,0.3014984
7887,0.2536316,-9.889542,0.117248535
7896,0.2871399,-10.085754,0.04547119
7907,0.34457397,-10.243668,-0.028717041
7917,0.33499146,-10.286743,-0.00239563
7926,0.28234863,-10.255646,0.093322754
7936,0.275177,-10.243668,0.105285645
7946,0.055038452,-10.119247,0.124420166
7957,-0.047851562,-10.114456,0.13877869
7966,-0.23928833,-10.1766815,0.1531372
7976,-0.40678406,-10.200607,0.16270447
7986,-0.4665985,-10.1814575,0.16270447
7996,-0.5096741,-10.136002,0.19142151
8007,-0.55752563,-10.066605,0.22492981
8016,-0.6316986,-9.978073,0.26560974
8027,-0.7034912,-9.769897,0.28953552
8036,-0.8039856,-9.655045,0.32781982
8046,-0.8829498,-9.427719,0.38046265
8056,-0.899704,-9.346359,0.4355011
8067,-0.78723145,-9.291336,0.4785614
8078,-0.61735535,-9.300903,0.5670929
8086,-0.3900299,-9.355942,0.65802
8097,-0.009567261,-9.49472,0.8374939
8106,0.21057129,-9.588043,0.98106384
8116,0.4355011,-9.698105,1.0935211
8128,0.6412811,-9.753143,1.1820526
8136,0.8901367,-9.76033,1.2801666
8146,0.99302673,-9.724426,1.3615112
8156,1.2155609,-9.525833,1.4691925
8167,1.3495483,-9.384644,1.5050812
8176,1.4811554,-9.305695,1.5266266
8186,1.7348022,-9.279373,1.5696869
8197,1.9214325,-9.272186,1.5026855
8206,2.136795,-9.343979,1.4189453
8216,2.321045,-9.418152,1.2801666
8226,2.5100708,-9.492325,1.1365967
8237,2.6895294,-9.580856,1.0097656
8246,2.8187408,-9.63829,0.8566284
8256,3.048462,-9.585648,0.447464
8267,3.1202393,-9.489929,0.33738708
8277,3.0963135,-9.221939,0.3134613
8286,3.0963135,-9.221939,0.3134613
8296,2.651245,-8.8989105,0.38523865
8308,2.297104,-8.946762,0.4785614
8317,2.096115,-9.04248,0.5288086
8326,1.9525452,-9.147766,0.48095703
8336,1.8927155,-9.18605,0.279953
8346,1.9525452,-9.142975,0.090927124
8356,2.1176453,-9.047256,0.007171631
8366,2.2540436,-8.982651,-0.14596558
8377,2.3688965,-8.937195,-0.42114258
8386,2.457428,-8.956329,-0.50727844
8396,2.5124664,-8.8989105,2.2324982
8406,2.555542,-8.784058,2.141571
8416,2.555542,-8.628525,1.9836426
8427,2.6679993,-8.650055,1.8472595
8436,2.8091736,-8.906082,1.7132568
8446,2.9359894,-9.327225,1.3997955
8456,2.995819,-9.853638,1.2155609
8467,2.945572,-10.066605,1.6941223
8477,2.8283234,-10.116852,2.100891
8486,2.6368866,-9.985245,2.416748
8497,2.445465,-9.84407,2.6990967
8506,2.177475,-9.755539,2.7541351
8516,1.8352966,-9.762711,2.5938263
8526,1.5026855,-9.800995,2.1320038
8537,1.2203369,-9.913467,-1.8735809
8546,1.1030884,-9.932602,-1.7850494
8557,0.8925171,-10.035492,-1.1246338
8567,0.7848511,-10.042679,-0.52163696
8576,0.64845276,-10.016357,-0.114852905
8587,0.65563965,-9.992432,-2.2660065
8596,0.45703125,-9.762711,0.5814514
8606,0.4402771,-9.63829,-2.2301178
8617,0.42114258,-9.504288,0.7537384
8626,0.59103394,-9.382263,-0.55274963
8638,0.8111725,-9.169296,-0.39959717
8646,0.8494568,-8.956329,0.9188385
8656,0.90927124,-8.738586,-0.42591858
8666,0.9667053,-8.702698,0.059814453
8677,1.071991,-8.827118,0.78245544
8687,1.2610168,-9.087936,0.7034912
8696,1.4117584,-9.322433,1.660614
8707,1.701294,-9.796219,1.076767
8716,1.8711853,-10.136002,1.4069824
8726,1.8927155,-10.401596,1.0217285
8737,1.7491608,-10.442276,0.62213135
8746,1.5361938,-10.269989,0.43310547
8756,1.3758698,-9.927826,2.0913239
8767,1.3016968,-9.755539,1.8137665
8777,1.2346954,-9.590439,1.6127625
8787,1.1365967,-9.468399,1.4955139
8796,1.1006927,-9.511475,-0.33021545
8807,0.97387695,-9.327225,0.026321411
8816,0.8829498,-9.111862,0.31825256
8827,0.88534546,-9.040085,-0.36849976
8836,0.8111725,-8.982651,-1.031311
8847,0.5144501,-8.987442,2.7900238
8856,0.44506836,-9.131012,3.0460663
8867,0.55752563,-9.346359,-1.8759766
8876,0.61016846,-9.489929,3.069992
8887,0.77049255,-9.664612,-0.899704
8897,0.87098694,-9.827316,-0.26560974
8906,0.91166687,-9.923035,2.2205353
8917,1.071991,-10.31546,1.4907227
8930,1.1222382,-10.504486,2.7302094
8937,1.1198425,-10.490128,2.8450623
8947,1.1006927,-10.327423,3.0915222
8956,1.0935211,-10.052246,3.1011047
8967,1.134201,-9.829712,-0.2632141
8977,1.1892395,-9.729218,2.0937195
8986,1.2969055,-9.657425,1.1581268
8997,1.3686981,-9.585648,1.8520508
9007,1.4117584,-9.521042,2.1343994
9016,1.4524384,-9.49472,1.9932251
9027,1.4907227,-9.477966,1.0121613
9036,1.4333038,-9.408585,1.5433655
9046,1.3399811,-9.32962,1.8209381
9057,1.2466583,-9.267395,1.8305054
9067,1.134201,-9.238693,1.0552368
9076,1.076767,-9.255432,1.2753754
9087,1.0408783,-9.312866,1.5003052
9099,0.9906311,-9.542572,1.1533356
9107,0.9188385,-9.664612,1.6941223
9117,0.72262573,-9.939789,1.7467651
9127,0.5048828,-10.284348,1.8281097
9136,0.51924133,-10.289139,1.9980011
9147,0.59580994,-10.100098,2.399994
9157,0.6316986,-9.829712,2.3976135
9167,0.6006012,-9.521042,2.5938263
9176,0.54556274,-9.312866,2.4478607
9188,0.52163696,-9.267395,2.3282166
9197,0.68673706,-9.410965,2.2181396
9207,0.9379883,-9.738785,2.2277222
9216,1.0624084,-9.923035,2.2061768
9227,1.0384827,-10.064209,2.074585
9237,1.0265198,-10.018753,1.9429779
9247,1.0480499,-9.944565,1.8305054
9256,1.0552368,-9.841675,1.7060852
9267,1.0384827,-9.731613,1.5505524
9276,1.0337067,-9.580856,1.4333038
9286,1.0504456,-9.485153,1.2945099
9297,1.0935211,-9.4253235,1.2131653
9306,1.1700897,-9.418152,1.1557312
9317,1.2370911,-9.360718,1.1437683
9326,1.2514496,-9.276978,1.1318054
9336,1.2394867,-9.190826,1.134201
9347,1.2562256,-9.0759735,1.1198425
9357,1.2610168,-8.953949,1.1174469
9367,1.3136597,-8.906082,1.0887299
9376,1.3734741,-8.997009,1.0791626
9386,1.4237366,-9.284149,1.0073853
9396,1.3686981,-9.501892,0.9762726
9407,1.2945099,-9.683746,0.92362976
9418,1.2538452,-9.846466,0.93559265
9427,1.2993011,-9.856033,1.002594
9436,1.3902283,-9.829712,1.1006927
9447,1.4667969,-9.667007,1.1820526
9456,1.5457611,-9.3511505,1.2442627
9467,1.6127625,-9.128616,1.2873383
9476,1.7826538,-9.085556,1.3304138
9486,1.9860382,-9.166901,1.421341
9497,2.2468567,-9.487549,1.4596252
9506,2.4358978,-9.870392,1.5026855
9517,2.5938263,-10.447067,1.5170441
9527,2.7756805,-11.2582245,1.5170441
9537,2.8618164,-11.818146,1.5409851
9546,2.9335938,-12.129211,1.552948
9557,2.9144592,-12.14357,1.5433655
9566,2.868988,-11.676971,1.5433655
9576,2.7373962,-10.91127,1.4596252
9587,2.5866394,-10.140778,1.1676941
9597,2.4669952,-9.454041,0.78723145
9606,2.3401794,-8.819946,0.41874695
9616,2.1942139,-8.166702,0.00239563
9627,2.0865479,-7.7431793,-0.32302856
9637,2.2324982,-7.487137,-0.9954071
9647,3.6466675,-7.688141,-8.341385
9656,5.367096,-8.173889,-10.750946
9667,2.8259277,-8.470596,-1.8161469
9677,1.9573364,-9.068802,0.66760254
9687,1.7611237,-9.836899,1.7084808
9696,1.5792694,-10.667206,2.5028992
9707,1.3088684,-11.294128,3.0747833
9717,1.0935211,-11.779861,3.2494507
9726,0.74417114,-12.14357,3.213562
9736,0.38763428,-12.34697,2.9647064
9746,0.22732544,-12.433105,2.8091736
9757,0.114852905,-12.370895,2.6656036
9766,-0.01914978,-12.0143585,2.2755737
9776,-0.06460571,-11.648254,2.0003967
9787,-0.03111267,-11.169693,1.6725769
9796,0.047851562,-10.56192,1.2753754
9806,0.03111267,-9.891922,0.8374939
9817,-0.093322754,-9.221939,0.45224
9826,-0.15553284,-8.652451,0.18424988
9837,-0.119644165,-8.171494,-0.18664551
9847,0.04067993,-8.049454,-1.0193481
9856,0.19381714,-8.114059,-1.3591309
9866,0.38285828,-8.583054,-1.2035828
9877,0.34934998,-9.011368,-0.74417114
9886,0.42352295,-9.276978,-0.6269226
9897,0.75852966,-9.437286,-0.4737854
9906,0.9260254,-9.418152,-0.29910278
9916,1.2059784,-9.298508,-0.105285645
9927,1.4620209,-9.061615,-0.13160706
9936,1.5673065,-8.889343,-0.21296692
9947,1.7132568,-8.549561,-0.1986084
9956,1.6127625,-8.276779,0.03111267
9966,1.2370911,-8.001602,0.38285828
9976,0.68196106,-7.795822,0.6795654
9987,0.021530151,-7.697708,1.0145569
9996,-0.22970581,-7.750351,1.0695953
10006,-0.27757263,-7.862808,1.0289154
10016,-0.22970581,-8.085342,0.928421
10027,-0.08135986,-8.291138,0.8757782
10038,0.51924133,-8.650055,0.8661957
10046,1.036087,-8.831909,0.8614197
10056,1.9884338,-9.0759735,0.8829498
10066,2.1990051,-9.114258,0.91166687
10077,3.8237305,-9.365509,1.036087
10087,4.019943,-9.4205475,0.9762726
10096,5.252243,-9.559326,0.67477417
10107,5.6661987,-9.525833,0.77049255
10116,6.20459,-9.470795,1.2538452
10126,6.312271,-9.458832,1.2466583
10137,6.238083,-9.456436,0.9954071
10146,6.027527,-9.382263,0.5934143
10156,5.831314,-9.262619,0.2871399
10166,5.654236,-9.040085,0.1651001
10177,5.723633,-8.879761,0.44984436
10186,5.852844,-8.8989105,0.8183441
10197,5.8456726,-9.011368,1.0528412
10206,5.5322113,-9.056839,1.4596252
10216,4.9076843,-9.032898,1.8783722
10227,4.2592316,-8.987442,1.7252197
10238,3.5796661,-8.927628,1.249054
10246,2.6273193,-8.829514,0.5647125
10257,1.7802582,-8.889343,0.14117432
10266,0.928421,-9.200409,-0.110076904
10277,0.3062744,-9.817749,-0.3397827
10287,-0.17228699,-10.791626,-0.8757782
10296,-0.62213135,-11.665009,-1.8065796
10307,-1.0624084,-13.35434,-3.969696
10316,-0.19381714,-13.959732,-3.866806
10326,1.8783722,-13.995621,-1.8137665
10337,4.027115,-12.715454,1.5625153
10347,4.0773773,-11.73201,2.9766693
10356,3.3475647,-10.662415,3.9553375
10367,2.0123596,-9.463608,3.3547363
10376,1.2466583,-8.681168,2.486145
10387,0.54556274,-7.5014954,1.1270142
10397,0.4283142,-6.8745728,0.4019928
10408,0.34217834,-6.484543,-0.58384705
10417,0.25602722,-6.2668,-2.778061
10427,0.7657013,-6.5898285,-2.6823578
10436,0.7657013,-6.5898285,-2.6823578
10446,2.9599152,-8.501694,0.38046265
10460,3.3523407,-10.248459,1.6079712
10466,3.1130676,-10.851456,1.964508
10477,2.7589264,-11.246262,2.2205353
10486,1.9333954,-11.392227,2.4933167
10497,1.2634125,-10.939987,2.567505
10506,1.0791626,-10.210175,2.6057892
10516,1.4428711,-9.628723,2.5962067
10527,1.4811554,-9.32962,2.342575
10536,1.2370911,-8.98027,1.7682953
10546,0.92123413,-8.884552,1.2921295
10556,0.62931824,-8.896515,0.9140625
10567,0.43788147,-8.937195,0.6412811
10576,0.28234863,-8.946762,0.45463562
10587,0.18664551,-9.049652,0.4091797
10597,0.23928833,-9.241089,0.5168457
10608,0.28234863,-9.516251,0.70588684
10618,0.28953552,-9.738785,0.8949127
10627,0.27278137,-9.94696,1.1318054
10636,0.24645996,-10.10968,1.4045868
10647,0.119644165,-10.121643,1.6510468
10656,-0.014358521,-9.982849,1.9238281
10668,-0.37327576,-9.645462,2.0602264
10677,-0.55274963,-9.418152,2.141571
10686,-0.6316986,-9.214767,2.1463623
10698,-0.5312042,-9.04248,1.9860382
10707,-0.38763428,-8.970688,1.8257294
10717,-0.2632141,-8.985046,1.6941223
10726,-0.110076904,-9.164505,1.5481567
10740,0.014358521,-9.382263,1.4452667
10746,0.08375549,-9.533005,1.4572296
10756,0.30389404,-9.748352,1.4907227
10767,0.5407715,-9.791428,1.5003052
10776,0.7465668,-9.834503,1.4739838
10787,0.9379883,-9.84407,1.4333038
10796,1.134201,-9.915863,1.4117584
10807,1.351944,-9.939789,1.3016968
10816,1.5050812,-9.867996,1.1652985
10827,1.6510468,-9.738785,1.0384827
10837,1.7276154,-9.564117,0.9020996
10846,1.7730865,-9.418152,0.79441833
10857,1.8113708,-9.341583,0.62931824
10867,1.8735809,-9.353546,0.5312042
10876,1.9118652,-9.384644,0.46420288
10886,1.9525452,-9.549759,0.32063293
10897,1.8999023,-9.655045,0.23210144
10907,1.7946167,-9.743576,0.14596558
10916,1.6486511,-9.767502,0.117248535
10927,1.4931183,-9.772293,0.114852905
10936,1.3088684,-9.736389,0.13160706
10947,1.1820526,-9.702896,0.2033844
10957,1.1270142,-9.774673,0.4019928
10966,1.1676941,-9.860825,0.58384705
10977,1.1652985,-9.968506,0.7920227
10986,1.174881,-9.994827,0.8877411
10997,1.0145569,-9.789032,1.1437683
11006,0.8925171,-9.614365,1.1964111
11016,0.8111725,-9.506683,1.2586212
11027,0.7393799,-9.415756,1.2586212
11036,0.66760254,-9.274582,1.2514496
11046,0.5814514,-9.147766,1.2346954
11056,0.54556274,-9.054443,1.2179413
11067,0.5264282,-9.099899,1.2681885
11076,0.5048828,-9.178864,1.2993011
11086,0.5312042,-9.250656,1.3567352
11097,0.5383911,-9.389435,1.4620209
11106,0.6029968,-9.499512,1.5433655
11116,0.73220825,-9.6957245,1.6797638
11127,0.8566284,-9.777069,1.7563324
11137,0.9834442,-9.805786,1.7874451
11146,1.1246338,-9.755539,1.8185425
11157,1.2897339,-9.671783,1.861618
11166,1.483551,-9.5282135,1.8831482
11177,1.6414795,-9.39183,1.8783722
11187,1.7826538,-9.265015,1.7946167
11196,1.8592224,-9.198013,1.7658997
11207,2.0003967,-9.150162,1.6941223
11216,2.0817566,-9.159729,1.6342926
11227,2.1463623,-9.195618,1.586441
11238,2.2061768,-9.281754,1.5673065
11246,2.2994995,-9.341583,1.4691925
11256,2.3521423,-9.377472,1.3950195
11267,2.4598236,-9.410965,1.2993011
11278,2.5052795,-9.389435,1.1892395
11286,2.4885406,-9.403793,1.0983124
11297,2.4646149,-9.396622,0.94755554
11306,2.411972,-9.379868,0.8542328
11316,2.4335022,-9.365509,0.8039856
11326,2.3617096,-9.360718,0.74894714
11337,2.297104,-9.43251,0.69869995
11346,2.2037964,-9.533005,0.74417114
11357,2.1032867,-9.662216,0.8446655
11367,2.0530396,-9.707687,0.98106384
11376,1.9980011,-9.676575,1.0791626
11387,1.9142609,-9.499512,1.2227325
11396,1.7778625,-9.303299,1.2849426
11407,1.6175537,-9.176468,1.2849426
11417,1.4883423,-9.147766,1.2634125
11426,1.3351898,-9.284149,1.2538452
11437,1.2729797,-9.408585,1.277771
11447,1.2299042,-9.5234375,1.2705841
11457,1.2203369,-9.585648,1.2801666
11466,1.1844482,-9.645462,1.2705841
11479,1.0911255,-9.662216,1.2370911
11486,1.0432739,-9.595215,1.2203369
11496,0.9714813,-9.487549,1.1964111
11507,0.95951843,-9.454041,1.1964111
11516,0.90927124,-9.456436,1.2179413
11527,0.88534546,-9.482758,1.282547
11536,0.8518524,-9.583252,1.3136597
11547,0.7848511,-9.662216,1.4117584
11556,0.727417,-9.683746,1.4787598
11567,0.61735535,-9.645462,1.6821594
11577,0.59580994,-9.568893,1.9190369
11587,0.5359955,-9.477966,2.074585
11597,0.4737854,-9.403793,2.222931
11607,0.38046265,-9.310471,2.3617096
11616,0.279953,-9.250656,2.4215393
11627,0.100494385,-9.212372,2.4741821
11636,0.06460571,-9.219543,2.4837494
11648,-0.0382843,-9.3511505,2.5339966
11656,-0.0382843,-9.444473,2.5100708
11667,-0.062210083,-9.609573,2.4837494
11677,-0.06460571,-9.7005005,2.4837494
11687,-0.114852905,-9.604797,2.4550323
11697,-0.14117432,-9.418152,2.4263153
11706,-0.023925781,-9.224335,2.423935
11717,0.1603241,-9.214767,2.3784637
11727,0.5647125,-9.410965,2.2540436
11736,0.8422699,-9.690933,2.1966095
11748,1.1270142,-10.0785675,2.141571
11756,1.2346954,-10.238892,2.120041
11767,1.3974152,-10.535599,2.0937195
11777,1.8352966,-11.291733,2.096115
11787,2.067398,-11.722443,2.0721893
11796,2.2755737,-11.99762,2.005188
11807,2.376068,-12,1.8975067
11816,2.3928223,-11.842087,1.7108612
11828,2.4335022,-11.4592285,1.4237366
11836,2.4191437,-11.069199,1.1652985
11847,2.4071808,-10.564316,0.74894714
11856,2.4335022,-10.198212,0.34217834
11866,2.6823578,-9.796219,-0.30867004
11877,3.0963135,-9.492325,-2.313858
11886,9.600006,-10.430313,-32.54718
11896,5.6111755,-9.497116,-10.406387
11907,2.5339966,-8.664413,-0.22732544
11916,1.4859467,-8.209778,1.9405823
11927,1.306488,-8.492126,2.3377838
11936,1.4715881,-9.052048,2.313858
11947,1.4117584,-9.406189,1.9980011
11956,1.2849426,-9.485153,1.8161469
11966,1.1102753,-9.738785,1.7060852
11977,1.0504456,-9.915863,1.8017883
11989,0.830307,-10.593033,2.2468567
11996,0.7776642,-10.997406,2.5124664
12007,0.70588684,-11.54776,2.8450623
12017,0.47616577,-11.784653,3.115448
12027,0.22970581,-11.693726,3.4624176
12036,0.04547119,-11.34198,3.8117676
12046,-0.021530151,-10.839493,4.1204376
12057,0.117248535,-10.267609,4.3286133
12067,0.41156006,-9.726822,4.43869
12076,0.7154541,-9.209976,4.6013947
12087,0.9714813,-8.6931305,4.6325073
12097,0.9140625,-8.518448,4.3094788
12106,0.9786682,-8.508881,3.8811646
12117,1.1174469,-8.714661,3.3930206
12127,1.3902283,-9.047256,2.6368866
12136,1.6917267,-9.358322,1.9788666
12147,2.210968,-9.609573,0.96191406
12156,4.8143616,-9.999603,-10.310669
12168,3.6299133,-9.157333,-4.204193
12177,2.5459595,-8.918045,-1.5433655
12187,1.3016968,-9.004196,-0.03111267
12197,-0.055038452,-9.590439,-1.5026855
12207,-0.18902588,-9.94696,-2.658432
12216,0.20100403,-9.815353,-2.7756805
12227,0.825531,-9.415756,-2.548355
12236,1.2681885,-9.116653,-1.9046936
12247,1.557724,-8.793625,-0.18902588
12256,1.3950195,-8.597412,0.49771118
12266,0.9643097,-8.178665,1.2012024
12277,0.4785614,-8.013565,1.3184509
12286,0.2679901,-7.9609222,1.3184509
12297,0.22970581,-7.800598,1.3040924
12307,0.45463562,-7.7695007,1.2299042
12317,0.65802,-7.7407837,1.0169525
12326,1.1581268,-7.7742767,0.7537384
12336,1.8664093,-7.841278,0.6412811
12347,2.519638,-7.9609222,0.80877686
12357,2.9886322,-8.17627,1.1078796
12366,3.2733765,-8.475372,1.5074768
12377,3.180069,-8.669189,1.6845398
12387,3.081955,-8.803192,1.7898254
12396,3.0029907,-8.760132,1.976471
12407,3.1465607,-8.654846,2.1846466
12417,3.620346,-8.755341,2.490921
12428,4.93161,-9.109482,2.9575348
12437,5.924637,-9.451645,3.1920319
12447,7.417755,-10.023529,2.938385
12456,8.989838,-10.731812,2.0554352
12467,10.313065,-11.038086,1.2729797
12476,10.375275,-10.750946,1.931015
12486,9.353546,-9.927826,3.0843506
12496,7.556534,-9.047256,3.6825562
12507,4.792816,-8.252853,3.3643036
12516,2.6727905,-8.571091,2.490921
12527,1.9333954,-10.155136,1.6295166
12536,1.4907227,-11.643478,1.0073853
12546,0.8374939,-12.940384,-0.055038452
12557,-0.55992126,-13.856842,-5.8336945
12566,-0.6053772,-14.072189,-6.340973
12577,0.59103394,-12.969101,-1.2370911
12587,1.3280182,-11.624329,1.3543396
12596,1.4620209,-10.1766815,2.0362854
12607,0.8518524,-8.831909,1.552948
12616,0.057434082,-7.676178,0.9762726
12626,-0.99302673,-6.8745728,0.51924133
12637,-1.7611237,-6.798004,0.31825256
12646,-2.0769653,-7.166504,0.2416687
12657,-1.7276154,-8.238495,0.41874695
12666,-1.5744781,-8.965912,0.6316986
12676,-1.8472595,-9.88475,0.8925171
12687,-1.9453583,-10.750946,1.2993011
12696,-1.9453583,-10.966309,1.351944
12707,-1.832901,-10.798813,1.4380798
12717,-1.627121,-10.19342,1.6199341
12727,-1.351944,-9.279373,1.8281097
12736,-1.2562256,-8.975479,1.8592224
12747,-0.899704,-8.544769,1.8113708
12757,-0.76330566,-8.5902405,1.6869354
12766,-0.62931824,-8.772095,1.426117
12777,-0.46180725,-9.200409,1.146164
12787,-0.39242554,-9.521042,0.9954071
12796,-0.26081848,-9.789032,0.8661957
12807,-0.07896423,-9.9015045,0.90448
12816,0.1483612,-9.927826,1.076767
12827,0.48335266,-9.856033,1.2203369
12837,0.7920227,-9.722046,1.3280182
12847,0.8638153,-9.611969,1.3734741
12856,0.98106384,-9.296112,1.4404755
12867,0.92123413,-9.008972,1.4572296
12876,1.0600128,-8.915665,1.4572296
12887,1.3543396,-8.865402,1.426117
12897,1.4739838,-8.8701935,1.3974152
12907,1.5744781,-8.937195,1.4189453
12916,1.6319122,-9.037689,1.4691925
12927,1.6031952,-9.188446,1.5816498
12936,1.7132568,-9.47319,1.6510468
12947,2.0315094,-9.774673,1.8927155
12957,2.1726837,-9.824936,2.0147552
12966,2.3497467,-9.755539,2.1104736
12977,2.251648,-9.633499,2.0315094
12987,2.0721893,-9.39183,1.9190369
12996,1.9788666,-9.205185,1.832901
13007,1.9932251,-8.894119,1.7252197
13017,2.0913239,-8.807983,1.655838
13027,2.244461,-8.843872,1.5673065
13036,2.3521423,-8.8989105,1.4811554
13047,2.428711,-9.040085,1.3734741
13056,2.3904266,-9.18605,1.2514496
13067,2.3306122,-9.322433,1.1270142
13076,2.3186493,-9.3703,1.0624084
13087,2.3162537,-9.451645,1.0001984
13096,2.3401794,-9.5354,0.95474243
13107,2.3401794,-9.722046,0.9188385
13117,2.342575,-9.858429,0.8614197
13130,2.1966095,-10.033112,0.7848511
13137,2.1032867,-10.042679,0.77526855
13146,1.8400879,-9.978073,0.7034912
13157,1.5361938,-9.891922,0.6652069
13166,1.3304138,-9.839294,0.61735535
13177,1.2227325,-9.84407,0.624527
13191,1.1820526,-10.042679,0.7465668
13197,1.1844482,-10.17189,0.79441833
13207,1.1533356,-10.425522,0.90927124
13216,1.1078796,-10.798813,1.0648041
13226,1.036087,-11.140976,1.1652985
13237,0.96191406,-11.272583,1.1916199
13247,0.78723145,-11.408981,1.1964111
13256,0.7513428,-11.521439,1.2107697
13267,0.8279114,-11.708084,1.2370911
13276,0.9571228,-11.784653,1.2418823
13286,1.208374,-11.514267,1.2155609
13297,1.3758698,-11.102692,1.1629181
13306,1.5337982,-10.640884,1.1078796
13317,1.7084808,-10.236496,1.0552368
13326,1.8496552,-9.824936,0.9714813
13336,2.0219421,-9.379868,0.8374939
13346,2.1248322,-9.047256,0.67237854
13357,2.2301178,-8.750549,0.4737854
13366,2.376068,-8.389236,0.18664551
13376,2.4693909,-8.020737,-0.2416687
13386,2.720642,-7.7192535,-1.3447723
13397,7.166504,-7.2957153,-14.100906
13406,4.3453674,-7.314865,-6.0849457
13417,2.1439667,-7.9369965,-0.48335266
13426,1.5361938,-8.621338,1.3304138
13437,1.1772614,-9.734009,2.0817566
13446,1.1629181,-10.566711,2.239685
13457,1.1533356,-11.09552,2.3234253
13466,1.071991,-11.87558,2.4837494
13478,0.9379883,-12.418747,2.6775665
13486,0.7298126,-12.658035,2.8666077
13497,0.45703125,-12.720245,2.9981995
13506,0.110076904,-12.459427,2.9120636
13516,-0.18185425,-11.885147,2.7876434
13528,-0.26560974,-11.203201,2.6249237
13536,-0.30867004,-10.3992,2.4358978
13546,-0.279953,-9.413361,2.1176453
13557,-0.22013855,-8.6979065,1.8520508
13566,-0.20100403,-8.085342,1.5385895
13577,-0.1603241,-7.6402893,1.3328094
13586,-0.107681274,-7.3411865,1.138977
13597,-0.13160706,-7.2263184,0.9786682
13607,-0.122039795,-7.4033966,0.9571228
13616,-0.14117432,-7.802994,0.9714813
13627,-0.20817566,-8.382065,1.0097656
13636,-0.26081848,-8.843872,1.0815582
13647,-0.25602722,-9.090332,1.1126556
13656,-0.122039795,-9.406189,1.1150513
13667,-0.007171631,-9.537796,0.95474243
13677,0.093322754,-9.59761,0.55752563
13687,0.9882355,-9.860825,-3.0053864
13696,1.105484,-9.623932,-2.7158508
13706,0.73220825,-9.284149,-1.7611237
13716,0.42114258,-9.107086,-1.7515411
13728,0.13877869,-9.131012,-1.7682953
13736,0.23928833,-9.255432,-1.4811554
13746,0.550354,-9.353546,-1.2012024
13757,1.2322998,-9.363113,-0.76330566
13766,1.8352966,-9.300903,-0.4019928
13776,2.4143524,-9.209976,0.095718384
13786,2.823532,-9.126221,0.55513
13797,3.0795593,-9.080765,0.8231354
13806,3.3020935,-9.059235,0.9403839
13816,3.6347046,-9.066406,0.9690857
13827,4.220932,-9.147766,0.68196106
13836,4.421936,-9.195618,0.7992096
13847,4.543976,-9.274582,1.2251282
13857,4.532013,-9.346359,1.7706909
13866,4.5750732,-9.363113,2.170288
13879,4.598999,-9.300903,2.675171
13887,4.6995087,-9.293716,2.6201477
13898,5.027313,-9.396622,2.1272125
13907,5.4293213,-9.643082,1.3232269
13916,5.883957,-9.765106,0.80877686
13927,5.7092743,-9.619141,0.9667053
13937,4.697113,-9.214767,1.5266266
13946,3.517456,-9.059235,1.5625153
13957,2.4598236,-9.269791,1.174881
13966,1.6151581,-9.762711,0.7130585
13976,1.1724854,-10.286743,0.4857483
13987,0.9020996,-11.203201,0.29431152
13999,0.82073975,-11.693726,0.119644165
14006,0.5862427,-11.882751,-1.1078796
14016,-1.5050812,-11.973679,-8.078171
14027,-0.18902588,-11.617157,-3.7543335
14036,0.9714813,-11.071594,-0.4737854
14047,1.557724,-10.298706,1.4021912
14056,1.351944,-9.765106,1.8783722
14066,1.0217285,-9.401398,1.9381866
14076,0.086135864,-8.571091,1.8209381
14087,-0.32302856,-8.001602,1.7252197
14096,-0.33738708,-7.6713867,1.6678009
14106,-0.16749573,-7.802994,1.6390839
14117,-0.01675415,-8.243271,1.450058
14126,0.122039795,-8.834305,1.2849426
14136,0.24645996,-9.327225,1.1557312
14147,0.36849976,-10.064209,0.94277954
14156,0.32063293,-10.387238,0.81355286
14166,0.19381714,-10.68396,0.5862427
14177,0.0765686,-10.657639,0.45703125
14186,0.04307556,-10.415955,0.47138977
14197,0.047851562,-10.198212,0.55992126
14206,0.1268158,-9.978073,0.71784973
14216,0.2871399,-9.729218,1.0600128
14227,0.3756714,-9.609573,1.3878326
14236,0.40438843,-9.492325,1.6390839
14246,0.39959717,-9.343979,1.7658997
14256,0.42114258,-9.255432,1.8831482
14267,0.47138977,-9.231506,1.9621124
14276,0.5359955,-9.200409,2.033905
14286,0.5312042,-9.037689,2.0171509
14297,0.4665985,-8.894119,1.9621124
14306,0.41635132,-8.848663,1.8568268
14316,0.37088013,-8.803192,1.799408
14326,0.28953552,-8.865402,1.7228394
14336,0.3397827,-9.140579,1.6797638
14347,0.38046265,-9.382263,1.7084808
14358,0.44506836,-9.61676,1.7802582
14366,0.47616577,-9.676575,1.8831482
14376,0.72024536,-9.690933,2.0267181
14386,0.928421,-9.6957245,2.1032867
14397,1.031311,-9.667007,2.0602264
14407,1.1102753,-9.664612,1.9716797
14416,1.2179413,-9.611969,1.8568268
14426,1.2873383,-9.477966,1.7348022
14437,1.3423767,-9.418152,1.5960083
14446,1.3926239,-9.367905,1.4859467
14456,1.4452667,-9.336792,1.3878326
14466,1.5337982,-9.334396,1.2897339
14477,1.5481567,-9.327225,1.174881
14486,1.552948,-9.367905,1.0504456
14496,1.5912323,-9.487549,0.9451599
14507,1.6366882,-9.710068,0.8039856
14516,1.6510468,-9.908676,0.6795654
14526,1.5792694,-10.1479645,0.55752563
14536,1.4787598,-10.1527405,0.44267273
14547,1.3495483,-10.02832,0.39959717
14556,1.2586212,-9.779465,0.38046265
14566,1.1533356,-9.580856,0.38285828
14577,1.0743713,-9.399002,0.4355011
14586,1.0528412,-9.379868,0.45224
14596,0.9786682,-9.47319,0.46180725
14607,0.9403839,-9.645462,0.45463562
14616,0.93559265,-9.834503,0.48335266
14626,0.9667053,-10.009171,0.624527
14637,0.98583984,-10.1479645,0.77049255
14646,0.9667053,-10.097717,0.8159485
14657,0.91166687,-9.930222,0.7680969
14668,0.87815857,-9.659821,0.6915283
14676,0.93559265,-9.434906,0.6197357
14686,1.0887299,-9.296112,0.5359955
14697,1.2322998,-9.257828,0.5264282
14706,1.3040924,-9.291336,0.5144501
14717,1.3686981,-9.355942,0.5407715
14727,1.3758698,-9.422943,0.5647125
14736,1.3663025,-9.477966,0.5862427
14747,1.3830566,-9.623932,0.6053772
14756,1.4859467,-9.882355,0.67237854
14767,1.5649109,-10.167099,0.8159485
14776,1.5984039,-10.387238,0.933197
14787,1.524231,-10.80838,1.2227325
14796,1.421341,-10.942383,1.4931183
14807,1.2394867,-10.9711,1.730011
14816,1.0456696,-10.84906,1.9142609
14827,0.83270264,-10.631317,2.045868
14836,0.55752563,-10.344177,2.0865479
14847,0.2536316,-9.994827,1.9716797
14856,-0.06460571,-9.657425,1.8687897
14866,-0.41635132,-9.209976,1.7515411
14876,-0.6508484,-8.831909,1.6773682
14888,-0.8949127,-8.549561,1.6007996
14897,-1.0145569,-8.489731,1.6055908
14906,-1.105484,-8.487335,1.6701965
14918,-1.2155609,-8.626129,1.8281097
14927,-1.2418823,-8.798416,2.0171509
14936,-1.2658081,-8.970688,2.1296082
14947,-1.3304138,-9.348755,2.170288
14956,-1.3902283,-9.674179,2.1750793
14967,-1.3304138,-9.774673,2.1391907
14977,-1.076767,-9.6957245,2.079361
14987,-0.8374939,-9.5234375,2.005188
14997,-0.55513,-9.348755,1.8424683
15006,-0.35891724,-9.260223,1.5266266
15017,-0.3014984,-9.243469,1.2394867
15026,-0.22970581,-9.238693,0.9954071
15037,-0.0765686,-9.243469,0.8159485
15047,0.047851562,-9.3511505,0.72024536
15056,0.098098755,-9.477966,0.6460571
15069,0.2368927,-9.765106,0.59103394
15076,0.28953552,-9.915863,0.61016846
15087,0.36849976,-10.1527405,0.6077728
15096,0.4139557,-10.248459,0.6269226
15107,0.42114258,-10.351349,0.6388855
15117,0.45224,-10.394424,0.64367676
15127,0.45463562,-10.425522,0.6412811
15136,0.49291992,-10.451843,0.61016846
15147,0.49291992,-10.451843,0.55992126
15156,0.49531555,-10.389633,0.5240326
15167,0.55274963,-10.317856,0.49771118
15176,0.6316986,-10.207779,0.43310547
15187,0.69869995,-10.102493,0.4139557
15196,0.7680969,-10.0785675,0.4019928
15207,0.87098694,-9.9756775,0.39242554
15216,1.0145569,-9.92543,0.42114258
15227,1.1533356,-9.927826,0.41874695
15236,1.2993011,-9.98764,0.3900299
15247,1.5074768,-10.037888,0.25602722
15256,1.6127625,-10.025925,0.055038452
15266,1.799408,-9.958923,-0.6652069
15277,1.8783722,-9.875183,-1.2418823
15287,1.6701965,-9.76033,-1.1365967
15296,1.2370911,-9.645462,-0.6795654
15308,0.6460571,-9.561722,-0.1651001
15316,0.40438843,-9.590439,-0.01675415
15326,0.19621277,-9.657425,0.23928833
15337,0.105285645,-9.7005005,0.37806702
15346,0.047851562,-9.676575,0.5288086
15356,-0.033493042,-9.609573,0.6149597
15367,-0.057434082,-9.475586,0.76330566
15377,-0.01675415,-9.363113,0.9643097
15387,0.07417297,-9.336792,1.1126556
15396,0.22492981,-9.317657,1.2179413
15407,0.41156006,-9.305695,1.2897339
15416,0.653244,-9.269791,1.3543396
15427,0.8925171,-9.174088,1.3328094
15437,1.2131653,-9.095123,1.3040924
15446,1.4333038,-9.030518,1.2610168
15457,1.5649109,-8.956329,1.2203369
15466,1.7491608,-8.851059,1.208374
15476,1.8161469,-8.812759,1.2035828
15486,1.8687897,-8.748154,1.2035828
15497,1.9621124,-8.671585,1.2634125
15506,2.0291138,-8.630905,1.3136597
15517,2.0889282,-8.580658,1.3615112
15528,2.3569336,-8.542374,1.529007
15536,2.5076752,-8.508881,1.5553284
15546,2.7421722,-8.439484,1.5553284
15557,2.9144592,-8.415558,1.5146637
15566,3.2326965,-8.396408,1.4189453
15577,3.562912,-8.575882,1.3423767
15586,3.826126,-8.784058,1.2442627
15596,4.208969,-9.114258,1.0001984
15607,4.364502,-9.260223,0.83987427
15616,4.64447,-9.303299,0.71066284
15627,4.8694,-9.233902,0.6197357
15636,4.9483643,-9.150162,0.55752563
15647,5.091934,-9.087936,0.61735535
15657,5.1469574,-8.934799,0.7298126
15667,5.005783,-8.812759,0.67237854
15677,4.8382874,-8.726624,0.48812866
15686,4.3836517,-8.740982,-0.033493042
15697,4.015152,-9.090332,-0.35414124
15706,3.5796661,-9.544968,-0.43310547
15717,2.9718933,-9.992432,-0.29910278
15726,2.7062836,-10.217346,-0.23928833
15742,2.0123596,-10.667206,-0.062210083
15747,1.8185425,-10.614563,-0.059814453
15757,1.409378,-10.320251,-0.04547119
15766,1.146164,-10.013962,0.04067993
15777,0.78723145,-9.549759,0.1268158
15786,0.727417,-9.410965,0.17228699
15797,0.87098694,-9.315262,0.3014984
15806,1.031311,-9.272186,0.4019928
15816,1.1222382,-9.169296,0.5024872
15826,1.1485596,-9.253052,0.51924133
15837,1.1126556,-9.477966,0.51924133
15846,0.9954071,-9.805786,0.44984436
15857,0.79441833,-10.157532,0.31825256
15866,0.68673706,-10.289139,0.2416687
15876,0.7154541,-10.301102,0.1651001
15886,0.7010956,-10.1814575,0.086135864
15896,0.624527,-9.858429,-0.057434082
15907,0.4905243,-9.621536,-0.17228699
15916,0.43070984,-9.446869,-0.062210083
15926,0.4737854,-9.343979,0.102890015
15937,0.4665985,-9.3703,0.29910278
15946,0.550354,-9.466003,0.57188416
15957,0.5383911,-9.67897,0.8542328
15966,0.44506836,-9.774673,1.0384827
15977,0.37806702,-9.829712,1.0983124
15987,0.32781982,-9.812973,1.0911255
15996,0.37806702,-9.793823,1.0504456
16007,0.42114258,-9.877579,1.0289154
16016,0.43788147,-10.009171,1.0408783
16027,0.42591858,-10.198212,1.0743713
16037,0.4139557,-10.325027,1.0863342
16047,0.41635132,-10.49971,1.0887299
16056,0.41874695,-10.516449,1.1174469
16067,0.42591858,-10.504486,1.1700897
16077,0.4402771,-10.39682,1.1844482
16087,0.46180725,-10.236496,1.2442627
16096,0.49531555,-10.097717,1.2466583
16106,0.5120697,-9.78186,1.2849426
16117,0.4857483,-9.554535,1.2562256
16128,0.44267273,-9.442078,1.2370911
16137,0.39720154,-9.320038,1.2179413
16146,0.31585693,-9.221939,1.2418823
16157,0.3062744,-9.095123,1.351944
16166,0.34695435,-9.025726,1.4883423
16177,0.3062744,-8.915665,1.5984039
16186,0.22970581,-8.886948,1.7515411
16197,0.28474426,-8.941986,2.0410767
16206,0.2632141,-9.181259,2.2540436
16217,0.33738708,-9.379868,2.457428
16227,0.4283142,-9.4253235,2.486145
16236,0.5647125,-9.377472,2.4143524
16247,0.75613403,-9.209976,2.3114624
16256,0.899704,-9.018555,2.2253265
16267,0.9140625,-8.647659,2.0243225
16276,0.9690857,-8.501694,1.9286194
16287,1.0863342,-8.496918,1.9046936
16296,1.2538452,-8.635696,1.9573364
16307,1.4596252,-9.0759735,1.964508
16317,1.5984039,-9.401398,1.9621124
16326,1.7946167,-9.9062805,1.8999023
16337,1.9286194,-10.238892,1.8592224
16346,1.9860382,-10.4279175,1.7706909
16357,1.9836426,-10.384857,1.6342926
16366,2.033905,-10.162323,1.4428711
16377,2.0362854,-9.753143,1.249054
16386,2.0602264,-9.394226,1.1102753
16397,2.050644,-9.202789,0.9954071
16408,2.177475,-9.200409,0.7800598
16416,2.2468567,-9.312866,0.6771698
16427,2.2947235,-9.449265,0.51924133
16436,2.2540436,-9.566513,0.37806702
16447,2.222931,-9.724426,0.28234863
16456,2.2157593,-9.839294,0.27757263
16467,2.210968,-9.98764,0.28474426
16476,2.1607208,-10.076172,0.32781982
16487,1.9908295,-10.071396,0.40438843
16496,1.8927155,-10.02832,0.4402771
16507,1.6749725,-9.889542,0.5431671
16517,1.6510468,-9.860825,0.62931824
16526,1.6988983,-9.865616,0.7010956
16537,1.730011,-9.9062805,0.74417114
16547,1.8161469,-9.978073,0.8183441
16556,1.931015,-10.09053,0.9188385
16567,2.0243225,-10.205383,1.0241241
16577,2.1678925,-10.31546,1.1365967
16586,2.3401794,-10.571487,1.2634125
16596,2.4311066,-10.750946,1.3423767
16607,2.486145,-10.82753,1.3040924
16616,2.5100708,-10.743774,1.2466583
16627,2.5627136,-10.616959,1.1844482
16637,2.5651093,-10.545166,1.1150513
16646,2.457428,-10.260422,0.9643097
16657,2.2037964,-9.860825,0.74417114
16667,2.0315094,-9.509079,0.54556274
16676,1.8879395,-9.142975,0.33738708
16687,1.8089752,-8.791229,0.1531372
16696,1.7946167,-8.484955,-0.052642822
16707,1.7252197,-8.312668,-0.26560974
16716,1.7682953,-8.204987,-0.5479584
16727,2.120041,-8.286346,-1.1916199
16736,3.723236,-8.535202,-6.2524414
16747,4.0749817,-9.066406,-5.83609
16756,2.1248322,-9.571289,-1.3710938
16767,0.91166687,-10.387238,1.0624084
16777,0.6508484,-10.918457,1.6486511
16786,0.44506836,-11.765503,1.9525452
16797,0.38763428,-12.296722,2.005188
16806,0.2368927,-12.665207,2.096115
16817,0.047851562,-12.870987,2.1870422
16826,-0.13639832,-12.842285,2.273178
16837,-0.21534729,-12.507278,2.4622192
16848,-0.30389404,-11.777481,2.646469
16857,-0.42114258,-11.083557,2.7972107
16866,-0.5240326,-10.54039,2.7828522
16876,-0.46420288,-9.674179,2.6536407
16886,-0.21534729,-9.032898,2.7397766
16897,-0.112457275,-8.494522,2.7062836
16906,0.009567261,-8.161911,2.531601
16917,0.04547119,-7.9824524,2.1966095
16926,0.057434082,-7.9537354,1.6773682
16937,0.098098755,-8.0327,1.3591309
16946,0.15074158,-8.178665,1.1892395
16957,0.32302856,-8.379669,1.0887299
16968,0.6460571,-8.760132,0.9308014
16977,0.9690857,-8.985046,0.65802
16986,2.8546448,-9.793823,-3.6562347
16998,2.675171,-9.698105,-1.6199341
17006,2.4837494,-9.621536,-0.928421
17018,2.395218,-9.595215,-1.2921295
17026,1.9740753,-9.475586,-1.763504
17037,1.1964111,-9.198013,-1.4787598
17046,0.41874695,-8.903687,-1.0384827
17057,-0.00239563,-8.750549,-0.5814514
17067,-0.06939697,-8.673981,-0.21057129
17077,-0.028717041,-8.642868,0.22492981
17086,-0.050247192,-8.719452,0.4857483
17097,-0.100494385,-8.941986,1.0001984
17106,0.047851562,-9.121445,1.2322998
17117,0.31825256,-9.312866,1.3088684
17126,0.8063812,-9.382263,1.2562256
17137,1.6175537,-9.454041,0.91645813
17146,2.165512,-9.549759,0.6197357
17157,2.9814606,-9.547363,0.4139557
17167,3.4959106,-9.384644,0.57188416
17176,3.8883362,-9.157333,0.84706116
17187,4.311859,-8.851059,1.0695953
17197,4.508072,-8.635696,1.2299042
17207,4.7162476,-8.508881,1.483551
17217,4.8095703,-8.439484,1.763504
17226,4.9483643,-8.472992,2.0434723
17237,5.1182404,-8.642868,2.2636108
17246,5.161316,-8.867798,2.2564392
17256,5.2546387,-9.078369,2.1559296
17267,5.271393,-9.135803,1.8544312
17276,5.314453,-9.020935,1.4620209
17287,5.36232,-8.853439,1.0337067
17297,5.5298157,-8.791229,0.48095703
17306,5.704483,-8.846268,-0.052642822
17316,5.7475586,-8.951553,-0.3062744
17327,5.2259216,-9.140579,0.19381714
17336,4.6205444,-9.18605,0.87098694
17348,3.275772,-9.501892,1.7850494
17356,2.675171,-9.779465,1.8879395
17367,1.7922211,-10.325027,1.6151581
17376,0.91645813,-10.798813,1.0480499
17387,0.059814453,-11.44487,0.1986084
17397,-0.4091797,-11.777481,-0.6628113
17407,-0.9379883,-11.746368,-2.0937195
17416,-1.0671997,-11.440079,-3.3068848
17427,-0.14356995,-10.9711,-2.567505
17437,0.7298126,-10.712662,-1.2753754
17446,2.0003967,-10.057037,1.1509552
17456,2.005188,-9.578476,2.3090668
17467,1.5816498,-9.169296,2.7014923
17477,0.9140625,-8.523239,2.395218
17486,0.5742798,-8.051849,1.9692993
17497,0.5383911,-7.9202423,1.6462555
17506,0.71066284,-8.147568,1.2921295
17517,0.8279114,-8.551941,0.9714813
17526,0.96191406,-9.111862,0.6795654
17537,0.9954071,-9.702896,0.4665985
17547,0.94755554,-10.174286,0.3062744
17556,0.85902405,-10.432709,0.2536316
17566,0.71066284,-10.35614,0.22492981
17577,0.55752563,-10.0785675,0.23449707
17586,0.46420288,-9.722046,0.3517456
17597,0.28474426,-9.365509,0.5312042
17607,0.088531494,-9.157333,0.7776642
17617,-0.00239563,-9.171692,1.1030884
17627,-0.04547119,-9.336792,1.5720825
17636,-0.033493042,-9.5234375,1.9142609
17646,-0.04307556,-9.726822,2.2037964
17657,-0.04067993,-9.865616,2.4693909
17666,-0.04307556,-9.913467,2.5818634
17678,0.007171631,-9.88475,2.7278137
17687,0.007171631,-9.757935,2.732605
17697,-0.007171631,-9.6263275,2.7062836
17706,-0.059814453,-9.305695,2.4693909
17716,-0.062210083,-9.052048,2.1966095
17727,-0.023925781,-8.860626,1.8903351
17736,0.03111267,-8.819946,1.6654053
17747,0.059814453,-8.874985,1.5146637
17756,0.095718384,-8.944366,1.4165497
17766,0.18424988,-9.162125,1.3447723
17778,0.39242554,-9.47319,1.3686981
17787,0.52163696,-9.667007,1.4380798
17797,0.74894714,-9.930222,1.5194397
17806,0.8614197,-10.071396,1.5768738
17816,1.0408783,-10.19342,1.6151581
17827,1.1988068,-10.1527405,1.6031952
17837,1.306488,-10.045074,1.5840454
17847,1.4021912,-9.908676,1.5194397
17857,1.4955139,-9.765106,1.4380798
17866,1.5673065,-9.59761,1.3567352
17877,1.6079712,-9.410965,1.2562256
17886,1.6941223,-9.265015,1.1772614
17897,1.8592224,-9.250656,1.1078796
17907,1.9453583,-9.377472,1.0097656
17917,1.9908295,-9.470795,0.9954071
17926,2.050644,-9.726822,0.90927124
17937,2.0578308,-9.779465,0.8638153
17946,1.9884338,-9.8033905,0.73220825
17957,1.976471,-9.767502,0.6795654
17967,1.8855438,-9.698105,0.5766754
17976,1.8831482,-9.686142,0.4857483
17987,1.8568268,-9.729218,0.39242554
17996,1.8233337,-9.628723,0.37088013
18008,1.7826538,-9.497116,0.35891724
18017,1.7850494,-9.276978,0.38763428
18027,1.7419739,-9.198013,0.4355011
18037,1.7060852,-9.312866,0.4857483
18046,1.6654053,-9.544968,0.6149597
18056,1.5649109,-9.767502,0.7680969
18067,1.4428711,-9.911072,0.9260254
18077,1.277771,-9.870392,1.071991
18087,1.1294098,-9.808182,1.1676941
18097,1.0265198,-9.664612,1.2897339
18106,0.9499512,-9.578476,1.3639069
18116,0.87098694,-9.482758,1.4596252
18127,0.77049255,-9.303299,1.6079712
18137,0.72262573,-9.221939,1.7443695
18146,0.65563965,-9.198013,1.9405823
18157,0.6269226,-9.190826,2.0841522
18166,0.5790558,-9.181259,2.297104
18176,0.44984436,-9.200409,2.5172424
18187,0.21057129,-9.202789,2.6871338
18197,0.055038452,-9.128616,2.7900238
18206,0.011962891,-9.04248,2.8498535
18217,0.026321411,-8.788834,2.9599152
18226,0.047851562,-8.688339,2.9742737
18238,0.105285645,-8.609375,2.9479523
18247,0.102890015,-8.539978,2.945572
18256,0.093322754,-8.458633,2.9838562
18267,0.105285645,-8.461029,3.053238
18276,0.21057129,-8.489731,3.1202393
18288,0.41635132,-8.762512,3.1011047
18297,0.6077728,-9.087936,3.0173492
18306,0.7465668,-9.477966,2.938385
18317,0.89730835,-9.755539,2.8666077
18327,1.0432739,-10.001999,2.8043823
18338,1.2753754,-10.277176,2.6656036
18346,1.3710938,-10.389633,2.5746765
18356,1.4763641,-10.478165,2.3569336
18367,1.5026855,-10.490128,2.1176453
18376,1.4452667,-10.348953,1.8137665
18386,1.426117,-10.169495,1.5170441
18397,1.3902283,-9.968506,1.2203369
18407,1.385437,-9.836899,0.97387695
18416,1.3878326,-9.755539,0.7537384
18428,1.3734741,-9.652649,0.59103394
18437,1.351944,-9.566513,0.5359955
18446,1.2897339,-9.408585,0.5024872
18456,1.2586212,-9.322433,0.49531555
18467,1.2179413,-9.367905,0.5312042
18476,1.1988068,-9.444473,0.55992126
18487,1.1964111,-9.5354,0.6029968
18496,1.179657,-9.647858,0.6149597
18507,1.1413727,-9.707687,0.68673706
18516,1.0695953,-9.745972,0.68673706
18527,1.0217285,-9.724426,0.69392395
18536,0.9690857,-9.690933,0.7082825
18546,0.825531,-9.559326,0.72262573
18557,0.68434143,-9.477966,0.73220825
18566,0.55752563,-9.451645,0.7346039
18577,0.41156006,-9.437286,0.74417114
18586,0.29910278,-9.43251,0.7728882
18597,0.29431152,-9.466003,0.80877686
18606,0.29910278,-9.552155,0.899704
18616,0.31825256,-9.690933,0.9667053
18627,0.3517456,-9.786652,1.1485596
18636,0.38763428,-9.765106,1.282547
18646,0.5240326,-9.659821,1.4428711
18656,0.70588684,-9.542572,1.5649109
18667,0.8542328,-9.485153,1.6462555
18676,0.9379883,-9.521042,1.7371826
18686,1.0432739,-9.583252,1.8496552
18697,1.1844482,-9.592819,1.9573364
18706,1.3040924,-9.578476,2.0697937
18716,1.5122681,-9.504288,2.1870422
18727,1.6486511,-9.475586,2.2157593
18736,1.8233337,-9.458832,2.2827454
18748,1.9956207,-9.408585,2.2779694
18758,2.100891,-9.363113,2.2468567
18767,2.2492523,-9.308075,2.2277222
18777,2.3497467,-9.336792,2.2157593
18787,2.531601,-9.489929,2.1990051
18796,2.6871338,-9.67897,2.1583252
18806,2.868988,-9.8033905,2.1152496
18817,3.0675964,-9.958923,2.0697937
18829,3.2374878,-10.061813,2.0219421
18837,3.3619232,-10.102493,1.9980011
18846,3.4576263,-10.100098,1.9932251
18857,3.5988007,-9.999603,1.9238281
18866,3.6514435,-9.973282,1.8592224
18877,3.7136536,-10.037888,1.7539368
18887,3.8404846,-10.29631,1.5361938
18896,3.8692017,-10.485352,1.3280182
18907,3.8883362,-10.724625,1.0504456
18917,3.8692017,-10.884949,0.8159485
18927,3.8811646,-10.987839,0.57188416
18937,3.768692,-10.95195,0.33259583
18946,3.517456,-10.753342,-0.050247192
18956,3.2446747,-10.401596,-0.3756714
18966,2.9120636,-9.789032,-0.8805542
18977,2.778061,-9.403793,-1.3304138
18987,3.115448,-8.889343,-9.757935
18996,3.2398834,-8.678772,-10.62413
19006,2.6081696,-8.901306,-4.6660004
19017,2.2037964,-8.93959,-1.9046936
19026,1.2993011,-9.066406,0.62213135
19037,0.4737854,-9.442078,1.3447723
19046,0.047851562,-9.796219,1.6534424
19057,0.057434082,-10.231705,1.902298
19066,0.20578003,-10.45903,2.0267181
19077,0.43788147,-10.815552,2.1032867
19087,0.50727844,-11.21756,2.1272125
19096,0.42352295,-11.499908,2.239685
19107,0.1268158,-11.667404,2.4191437
19116,-0.102890015,-11.523834,2.4550323
19127,-0.32781982,-11.224731,2.4717865
19137,-0.5288086,-10.80838,2.560318
19146,-0.59820557,-10.344177,2.7397766
19157,-0.40678406,-9.736389,3.1369934
19166,-0.23449707,-9.243469,3.3403778
19177,-0.026321411,-8.805588,3.591629
19186,0.055038452,-8.501694,3.8022003
19197,0.112457275,-8.331802,3.7878418
19207,0.1651001,-8.389236,3.665802
19216,0.18902588,-8.568695,3.4648132
19227,0.25842285,-8.824738,3.213562
19237,0.48095703,-9.08316,2.8546448
19246,0.7848511,-9.327225,2.4693909
19257,1.2107697,-9.511475,1.9094696
19267,1.6821594,-9.578476,1.3830566
19276,2.399994,-9.681366,-0.5312042
19286,3.907486,-9.939789,-7.657028
19297,3.069992,-9.681366,-4.125229
19307,2.1726837,-9.635895,-1.9884338
19316,1.1102753,-9.856033,-2.2612152
19327,0.7082825,-9.911072,-2.7445679
19337,0.4019928,-9.856033,-2.5363922
19346,0.16749573,-9.542572,-2.7804565
19357,0.22732544,-9.339188,-2.629715
19366,0.3062744,-9.219543,-2.1152496
19376,0.33259583,-8.958725,-1.1413727
19386,0.19142151,-8.762512,-0.17706299
19397,0.16749573,-8.539978,0.41874695
19406,0.27278137,-8.334198,0.6771698
19417,0.5383911,-8.054245,0.7393799
19427,1.0695953,-7.762314,0.78245544
19438,1.7898254,-7.5876465,1.0887299
19446,2.251648,-7.573288,1.414154
19457,2.7589264,-7.704895,1.8472595
19466,3.115448,-8.157135,2.1966095
19477,3.1465607,-8.580658,2.1846466
19486,3.242279,-9.066406,2.2636108
19497,3.6442719,-9.413361,2.5818634
19508,4.543976,-9.650253,3.0652008
19516,5.625519,-9.800995,3.2326965
19527,6.9272156,-10.169495,2.5220337
19536,8.695511,-10.6026,1.7252197
19547,9.985245,-10.846664,1.1676941
19556,10.39682,-10.6026,1.7443695
19567,9.667007,-9.841675,3.036499
19576,8.260025,-8.906082,3.6490479
19587,6.8004,-8.063812,3.4552307
19596,5.1182404,-7.1521454,2.9120636
19607,1.5433655,-5.888733,1.2394867
19617,1.036087,-6.879364,0.64367676
19626,0.85902405,-8.470596,0.16749573
19637,0.57188416,-10.3537445,-0.5264282
19646,0.30389404,-12.399612,-2.074585
19657,-0.92123413,-14.691925,-7.2382812
19666,-0.49771118,-16.15155,-6.0107727
19677,1.0791626,-16.352554,-1.1246338
19686,2.589035,-14.775681,2.6560364
19697,2.806778,-13.749161,3.0460663
19706,1.3136597,-9.848862,2.3018951
19717,0.007171631,-7.980057,1.4237366
19726,-0.94755554,-6.754944,0.7393799
19737,-1.6414795,-5.883957,0.24885559
19746,-1.9333954,-5.5752716,0.06939697
19757,-1.9788666,-5.6231384,0.00479126
19770,-1.7395782,-7.2023926,0.33259583
19778,-1.5003052,-7.9417725,0.51924133
19786,-1.0432739,-9.84407,0.928421
19797,-0.67477417,-11.401794,1.2346954
19806,-0.43310547,-12.088547,1.3782654
19817,-0.17945862,-12.069397,1.5505524
19827,-0.25842285,-11.392227,1.660614
19836,-0.4785614,-10.140778,1.758728
19847,-0.5790558,-8.843872,1.730011
19857,-0.62213135,-8.518448,1.6917267
19866,-0.5024872,-8.305481,1.6869354
19877,-0.31106567,-8.472992,1.6007996
19887,-0.24885559,-8.798416,1.421341
19896,-0.0765686,-9.166901,1.1700897
19907,0.4402771,-9.542572,0.8901367
19916,0.6053772,-9.676575,0.7920227
19927,0.66760254,-9.619141,0.74417114
19936,0.7417755,-9.549759,0.8542328
19947,0.8279114,-9.415756,1.0432739
19956,1.1150513,-9.39183,1.1605225
19967,1.2969055,-9.384644,1.2466583
19976,1.1652985,-9.193222,1.2969055
19986,0.9882355,-8.975479,1.3710938
19997,0.98583984,-8.891724,1.4811554
20007,1.0959167,-8.932404,1.6031952
20016,1.2586212,-8.9730835,1.7730865
20027,1.426117,-9.305695,2.0650024
20037,1.5170441,-9.6263275,2.1176453
20047,1.6462555,-9.762711,2.1990051
20056,1.6486511,-9.748352,2.1559296
20067,1.6773682,-9.568893,2.1272125
20077,1.7108612,-9.358322,2.108078
20086,1.689331,-9.131012,2.0697937
20097,1.6725769,-8.999405,2.0003967
20106,1.6510468,-8.93959,1.9381866
20116,1.6678009,-8.930008,1.8592224
20126,1.6869354,-9.08316,1.701294
20137,1.7395782,-9.274582,1.6007996
20146,1.8257294,-9.439682,1.586441
20156,1.8879395,-9.592819,1.5218353
20167,1.9669037,-9.628723,1.4667969
20176,1.9980011,-9.640686,1.4476624
20186,2.0147552,-9.645462,1.3495483
20197,2.079361,-9.702896,1.2562256
20206,2.0482635,-9.743576,1.1844482
20216,2.0434723,-9.789032,1.0456696
20227,2.009964,-9.860825,0.87098694
20236,1.9740753,-9.923035,0.72502136
20246,1.7658997,-9.920639,0.5383911
20256,1.7132568,-10.004395,0.50727844
20267,1.8185425,-10.188644,0.5623169
20276,1.9525452,-10.3992,0.64367676
20286,2.108078,-10.609772,0.76330566
20297,2.3688965,-10.896912,0.9068756
20307,2.5627136,-11.107483,0.9188385
20318,2.703888,-11.397018,0.92123413
20327,2.8043823,-11.71048,0.87098694
20337,2.823532,-11.85405,0.8159485
20346,2.847458,-11.93779,0.67237854
20357,2.8163452,-11.748764,0.5479584
20366,2.9192505,-11.243881,0.34217834
20377,3.122635,-10.6026,-0.047851562
20387,3.2805634,-9.889542,-1.076767
20396,7.963318,-8.518448,-18.087341
20406,4.886139,-7.8723907,-7.9609222
20418,2.5842438,-8.090134,-0.97387695
20426,1.5673065,-8.669189,1.6031952
20437,1.2275238,-9.214767,2.1726837
20446,0.96191406,-9.784256,2.2540436
20458,0.9906311,-10.662415,2.3090668
20466,0.95951843,-11.3563385,2.3497467
20477,0.8039856,-11.97847,2.3688965
20487,0.62931824,-12.514465,2.4263153
20497,0.39482117,-12.880569,2.5770721
20506,0.17468262,-12.990631,2.8498535
20517,-0.15792847,-12.650848,3.1944122
20527,-0.37327576,-12.105286,3.2973022
20537,-0.5886383,-11.406586,3.259018
20547,-0.6891327,-10.738983,3.2039948
20556,-0.73698425,-10.040283,3.0580292
20566,-0.65563965,-9.377472,2.847458
20577,-0.72262573,-8.750549,2.5507507
20587,-0.7298126,-8.099701,2.0434723
20596,-0.6316986,-7.750351,1.7706909
20607,-0.42352295,-7.3172455,1.5601196
20616,-0.24406433,-7.075577,1.5337982
20626,-0.098098755,-7.113861,1.5792694
20637,-0.07896423,-7.360321,1.5266266
20646,-0.12921143,-7.7527466,1.414154
20658,-0.22732544,-8.221741,1.2275238
20668,-0.19142151,-8.461029,1.0839539
20676,0.052642822,-8.743378,0.6963043
20687,1.5553284,-9.580856,-5.54895
20696,1.4811554,-9.681366,-4.3788605
20707,0.42591858,-9.28894,-2.4095764
20716,-0.48812866,-9.066406,-2.4071808
20726,-1.3591309,-8.93959,-2.7517395
20737,-1.9716797,-8.439484,-2.2660065
20746,-2.0195465,-8.130814,-1.832901
20757,-1.8400879,-8.080566,-1.1318054
20766,-1.5266266,-8.166702,-0.27038574
20776,-1.0528412,-8.492126,0.39482117
20786,-0.6412811,-8.803192,0.69392395
20797,0.047851562,-9.205185,0.87815857
20807,0.69869995,-9.67897,0.74417114
20816,1.4404755,-10.198212,0.51924133
20826,2.979065,-11.018951,0.27757263
20837,4.106079,-11.392227,0.7992096
20847,5.0321045,-11.44487,2.0554352
20856,5.584854,-11.36113,3.0460663
20866,6.489334,-11.133804,4.393219
20877,7.176071,-10.856232,5.103897
20886,7.6618195,-10.485352,5.481964
20897,7.915451,-10.016357,5.414963
20907,8.350952,-9.738785,4.5607147
20918,9.454041,-9.635895,1.5098724
20926,9.915863,-9.74118,0.66760254
20936,10.5260315,-10.009171,0.3062744
20948,9.57608,-10.375275,0.99302673
20957,8.573486,-10.920837,1.0983124
20966,6.6640167,-11.471191,0.7010956
20977,4.58226,-11.325226,0.17228699
20987,2.2301178,-9.870392,-0.37806702
20996,0.8039856,-8.6979065,-1.3328094
21007,-0.30867004,-8.106888,-3.3092804
21017,-0.653244,-7.812561,-4.1826477
21026,-0.0382843,-7.628311,-1.7946167
21036,0.13877869,-7.8843536,-0.550354
21047,0.42352295,-8.638092,0.047851562
21056,0.6269226,-9.389435,0.42591858
21067,0.06939697,-10.035492,0.090927124
21077,-0.94755554,-10.219742,-1.2705841
21086,-2.009964,-10.023529,-2.9407806
21097,-2.3521423,-9.681366,-2.7302094
21106,-1.7156525,-9.590439,-0.5288086
21117,-1.426117,-9.59761,0.66760254
21126,-1.179657,-9.621536,1.3878326
21137,-1.0791626,-9.590439,1.8687897
21147,-0.83509827,-9.468399,2.2707825
21156,-0.43070984,-9.281754,2.6273193
21166,0.052642822,-9.183655,2.8809662
21177,0.23449707,-9.343979,2.7445679
21186,0.21057129,-9.525833,2.4502563
21197,0.21774292,-9.705292,2.0865479
21207,0.23928833,-9.786652,1.7515411
21217,0.279953,-9.824936,1.4045868
21227,0.39482117,-9.793823,1.3136597
21236,0.6149597,-9.664612,1.3136597
21247,0.78245544,-9.621536,1.3399811
21257,1.1964111,-9.413361,1.4883423
21266,1.2753754,-9.133408,1.4428711
21277,1.1485596,-8.822342,1.3567352
21286,1.1437683,-8.638092,1.2466583
21297,1.2155609,-8.441879,1.0408783
21307,1.1940155,-8.310272,0.9571228
21318,1.2873383,-8.408386,0.9954071
21326,1.4045868,-8.666809,1.1006927
21338,1.5170441,-8.994614,1.3950195
21346,1.6390839,-9.238693,1.8065796
21356,1.5337982,-9.549759,2.1272125
21367,1.4069824,-9.745972,2.1894379
21377,1.4596252,-9.674179,2.388031
21387,1.4572296,-9.671783,2.4430695
21396,1.3997955,-9.583252,2.6656036
21408,1.5098724,-9.413361,2.617752
21416,1.5673065,-9.236298,2.514862
21427,1.6007996,-9.159729,2.411972
21438,1.6175537,-9.183655,2.1104736
21446,1.6773682,-9.310471,1.9238281
21459,1.7826538,-9.5354,1.7371826
21466,1.8903351,-9.743576,1.5888367
21477,1.9453583,-9.848862,1.4309082
21486,1.935791,-9.88475,1.306488
21497,1.907074,-9.7986145,1.1940155
21507,1.8568268,-9.717255,1.1030884
21516,1.8568268,-9.573685,1.0241241
21527,1.8305054,-9.427719,0.94755554
21536,1.8233337,-9.363113,0.8614197
21547,1.8065796,-9.389435,0.727417
21557,1.8137665,-9.5282135,0.5934143
21567,1.9190369,-9.918243,0.49291992
21577,2.0003967,-10.174286,0.47138977
21586,2.1056824,-10.492523,0.5048828
21598,2.1559296,-10.844269,0.5742798
21607,2.0913239,-10.9040985,0.6053772
21617,2.009964,-10.899307,0.6197357
21629,2.0482635,-10.892136,0.66760254
21637,2.2133636,-10.97348,0.66760254
21647,2.3784637,-11.083557,0.69392395
21657,2.4263153,-11.097916,0.65563965
21666,2.5028992,-11.01416,0.6006012
21677,2.6656036,-10.777267,0.5742798
21686,2.7900238,-10.504486,0.5024872
21697,2.9216309,-10.140778,0.21057129
21706,3.6753693,-9.662216,-3.0867462
21717,8.166702,-8.963516,-17.029724
21726,5.75235,-8.537598,-8.437088
21736,2.560318,-8.769699,0.58384705
21747,1.8305054,-9.04248,2.1104736
21757,1.4763641,-9.403793,2.3856506
21767,1.385437,-9.767502,2.3593292
21777,1.2921295,-9.994827,2.325821
21787,1.1772614,-10.392029,2.321045
21797,1.0887299,-10.671997,2.3066864
21807,0.6795654,-11.698517,2.4622192
21816,0.32063293,-12.437897,2.7134552
21827,0.055038452,-12.708282,2.8666077
21837,0.007171631,-12.760925,2.9312134
21846,0.007171631,-12.760925,2.9312134
21856,-0.91166687,-11.791824,2.9120636
21866,-1.0935211,-11.07637,2.6560364
21877,-1.2299042,-10.162323,2.3497467
21886,-1.1605225,-9.712463,2.0841522
21896,-0.8949127,-9.020935,1.6223297
21907,-0.72502136,-8.597412,1.3447723
21916,-0.64367676,-8.341385,1.174881
21927,-0.61016846,-8.042282,0.9834442
21937,-0.69392395,-7.898712,0.8279114
21946,-1.0384827,-8.020737,0.74417114
21957,-1.3399811,-8.461029,0.7298126
21967,-1.4452667,-8.738586,0.8877411
21977,-1.409378,-9.023331,0.830307
21986,-1.8807526,-9.585648,0.8877411
21997,-1.5170441,-9.812973,0.91166687
22006,-1.0073853,-9.731613,0.5240326
22017,0.69392395,-10.435104,-6.6137695
22026,1.6988983,-10.136002,-7.726425
22037,1.138977,-9.482758,-5.1015015
22046,0.5024872,-9.056839,-3.677765
22057,0.052642822,-8.611771,-2.4358978
22066,0.19621277,-8.401199,-1.105484
22078,0.49531555,-8.425125,-0.27278137
22087,0.99780273,-8.839081,0.20578003
22096,1.1772614,-9.298508,0.38763428
22107,1.249054,-9.580856,0.75613403
22117,1.5673065,-9.655045,1.1509552
22127,2.177475,-9.710068,1.483551
22137,2.6895294,-9.84407,1.6510468
22146,3.735199,-9.982849,1.6773682
22157,4.532013,-10.1479645,1.2849426
22166,4.9627075,-10.10968,0.63648987
22178,5.474777,-9.82254,-0.0765686
22186,5.560913,-9.595215,-0.059814453
22196,5.2091827,-9.415756,0.2632141
22207,4.37648,-9.315262,0.6795654
22217,3.1417694,-9.2482605,0.98106384
22226,2.675171,-8.745773,0.8925171
22237,2.7900238,-8.3198395,0.31825256
22246,2.6105652,-8.178665,-0.25842285
22257,2.548355,-8.195419,-0.5312042
22267,2.2564392,-8.530411,-0.49291992
22277,2.1320038,-8.729019,-0.39242554
22286,1.6725769,-9.164505,-0.19621277
22297,0.9140625,-9.193222,0.1531372
22307,0.17228699,-9.485153,0.59580994
22317,-0.87815857,-10.025925,0.6891327
22327,-4.450653,-10.887344,-0.6771698
22337,-4.6707916,-11.11705,-1.2993011
22346,-3.0604248,-12.124435,-1.8592224
22357,-0.91645813,-13.019348,-1.7874451
22367,-0.009567261,-13.268204,-1.4380798
22377,0.5120697,-12.966705,-0.6460571
22386,0.3637085,-11.91626,0.39242554
22397,-0.3014984,-10.329819,1.3782654
22406,-1.3663025,-8.681168,2.280365
22416,-1.7970123,-8.346161,2.5627136
22427,-1.4476624,-8.286346,2.8522491
22437,-0.08135986,-7.286148,3.620346
22447,1.3351898,-7.4368896,2.2348938
22456,1.3567352,-8.178665,1.2753754
22467,0.3900299,-10.030716,-0.31106567
22476,-1.8975067,-11.5334015,-0.5479584
22487,-2.938385,-10.985443,-0.22253418
22496,-2.6656036,-10.310669,0.49531555
22507,-2.1678925,-10.717453,2.395218
22516,-2.2348938,-11.497513,2.8402863
22526,-1.9956207,-10.999802,1.8568268
22537,-1.6342926,-10.265213,0.7800598
22548,-1.0169525,-9.274582,1.5122681
22556,-1.1772614,-9.241089,0.8374939
22566,-0.9308014,-9.274582,-0.1531372
22576,-0.39720154,-8.910873,-0.5240326
22587,0.059814453,-9.647858,-0.8446655
22596,0.46899414,-9.372681,-1.7443695
22608,0.52163696,-9.882355,-3.5126648
22622,-0.023925781,-10.5308075,-4.8789673
22627,-0.23210144,-10.569092,-4.687546
22637,-1.0504456,-10.935196,-1.9860382
22646,-1.4811554,-11.554947,0.45703125
22657,-1.4715881,-13.095917,4.5104675
22666,-1.2945099,-13.883163,6.6352997
22677,-0.72024536,-14.321045,7.676178
22687,-0.16749573,-13.974091,7.2837524
22697,0.6316986,-13.009781,5.9318085
22707,1.4811554,-12.002396,4.153946
22717,2.009964,-10.963913,2.6201477
22726,2.141571,-9.858429,1.5314026
22737,2.0985107,-8.992233,0.9834442
22746,1.9046936,-7.602005,0.39242554
22757,1.660614,-6.587448,0.086135864
22767,1.414154,-5.9198456,-0.14356995
22777,1.2131653,-6.0131683,-0.3062744
22786,1.0049896,-6.381653,-0.36131287
22797,0.79441833,-6.8434753,-0.37806702
22806,0.6053772,-6.932007,-0.33499146
22817,0.20817566,-6.714264,-0.23210144
22826,-0.26081848,-6.3553314,-0.18664551
22837,-0.447464,-6.3098755,-0.095718384
22847,-0.3254242,-6.479767,-0.009567261
22857,-0.21534729,-6.558731,-0.057434082
22867,0.07417297,-6.805191,-0.18424988
22877,0.7154541,-7.709671,-0.43788147
22887,1.0839539,-8.477768,-0.6412811
22898,1.3830566,-9.61676,-0.8925171
22906,1.2107697,-10.657639,-1.4572296
22917,0.92362976,-11.3563385,-1.7922211
22926,0.071777344,-10.097717,-1.6414795
22937,-1.4979095,-6.1017,-1.3328094
22946,-0.85902405,-10.813171,-1.0073853
22957,-1.6534424,-11.011765,-0.48812866
22967,-3.426529,-12.5359955,0.9571228
22976,-4.833496,-12.478577,2.6201477
22987,-4.4482574,-14.916855,4.548752
22996,-3.6490479,-16.144379,6.099304
23006,-3.8404846,-16.431519,6.9798584
23017,-3.4073792,-14.167908,5.4556427
23026,-2.835495,-12.380463,3.5413818
23037,-2.321045,-10.935196,1.7204437
23046,-1.8496552,-9.458832,0.49291992
23057,-1.1964111,-8.384445,-0.66760254
23066,-0.20817566,-7.6546326,-1.0480499
23077,0.6460571,-8.149948,-0.88534546
23087,1.3136597,-8.982651,-0.6053772
23096,1.5696869,-9.363113,-0.36849976
23106,1.1916199,-7.951355,-0.5886383
23117,1.4596252,-8.140381,-0.64367676
23127,1.4572296,-8.5208435,-0.8039856
23137,1.2729797,-8.281555,-0.7298126
23146,1.2394867,-8.322235,-0.9643097
23157,1.105484,-8.291138,-0.87338257
23166,0.73220825,-8.583054,-0.4091797
23177,0.550354,-9.2482605,0.49531555
23186,0.059814453,-10.4566345,1.450058
23197,-0.24885559,-11.700897,1.5984039
23207,-0.79681396,-13.167709,1.9286194
23216,-0.92123413,-13.227524,2.1846466
23227,-1.1126556,-12.981064,2.165512
23237,-1.4931183,-12.169891,2.2372894
23246,-2.3162537,-10.901703,1.0504456
23256,-2.9575348,-9.556931,-0.46180725
23267,-2.847458,-9.183655,-1.5936127
23276,-3.242279,-9.552155,-2.0530396
23286,-3.9170532,-9.408585,-1.7084808
23297,-4.0701904,-9.238693,-0.95951843
23307,-3.402588,-10.442276,-0.021530151
23317,-2.531601,-11.600403,0.50727844
23327,-0.8542328,-11.810974,2.067398
23336,0.6915283,-12.157928,1.3639069
23347,1.1222382,-12.126831,0.6652069
23356,1.380661,-12.385254,0.22013855
23368,1.4811554,-12.753738,0.5168457
23377,1.6366882,-13.213165,1.0600128
23387,1.8520508,-13.665405,1.7395782
23397,1.5337982,-13.808975,1.2131653
23406,1.2442627,-13.438095,0.54556274
23417,0.9308014,-12.662811,-0.275177
23428,0.79441833,-11.91626,-0.7657013
23437,0.78245544,-11.75116,-0.46180725
23446,0.9762726,-11.763123,0.43310547
23457,1.1700897,-11.602798,1.2131653
23466,1.385437,-10.985443,1.483551
23477,1.5457611,-10.755737,1.5074768
23488,0.5120697,-11.676971,1.3950195
23497,-0.5623169,-12.3685,2.1104736
23507,-0.055038452,-12.356537,2.904892
23516,0.6077728,-11.844467,3.620346
23526,0.20100403,-12.028717,2.9407806
23537,0.098098755,-11.643478,1.8759766
23547,0.37806702,-10.380066,1.5625153
23556,0.9403839,-8.092529,1.1318054
23567,1.1605225,-5.721237,0.39720154
23576,1.2586212,-5.3647156,-0.124420166
23587,2.050644,-6.1447754,0.44267273
23596,2.7972107,-6.628113,0.98106384
23607,3.2638092,-6.666397,1.146164
23616,3.0436707,-6.439087,0.83987427
23627,2.1343994,-6.520447,0.08375549
23636,1.483551,-6.8195496,0.011962891
23647,0.72024536,-7.704895,0.94755554
23656,0.72262573,-8.781662,2.0913239
23667,0.9188385,-9.858429,3.0101776
23676,1.0217285,-10.305893,2.9335938
23688,1.2370911,-10.712662,2.5244293
23696,1.4045868,-10.779663,2.033905
23707,1.964508,-10.88974,1.730011
23717,3.1609192,-11.038086,2.038681
23726,4.718643,-10.265213,2.7230377
23737,5.970093,-8.8989105,1.8400879
23747,6.422333,-7.975281,0.47138977
23757,6.0849457,-7.8963165,-0.28234863
23771,4.3549347,-8.573486,0.2871399
23777,3.5030975,-8.805588,0.727417
23787,2.7589264,-9.640686,1.4979095
23796,1.9405823,-10.334595,2.4358978
23806,1.6797638,-10.140778,3.2925262
23817,2.7828522,-8.635696,3.8452606
23827,3.7519531,-7.836487,4.3381805
23837,4.4937286,-7.5421753,4.936386
23846,5.11586,-8.085342,5.5082703
23857,5.699707,-9.174088,5.194824
23866,6.168701,-9.054443,4.857437
23877,7.130615,-7.9609222,4.718643
23886,8.011169,-7.245468,4.433899
23897,8.386841,-6.6783752,4.3860474
23907,8.27916,-6.065811,4.790436
23917,7.8101807,-5.637497,5.888733
23927,7.482361,-5.6566315,6.4366913
23937,7.032501,-5.477173,7.044464
23946,7.281357,-4.8478546,7.5924225
23957,7.7862396,-4.1898346,8.216949
23967,7.992035,-3.6179504,8.678772
23976,7.9202423,-3.6586304,8.882156
23987,7.566101,-3.9338074,9.018555
23998,7.135391,-4.101303,9.276978
24008,6.850647,-3.8692017,9.865616
24016,6.6592255,-3.5844421,10.518845
24026,6.5108643,-3.4289093,11.078766
24037,6.0442657,-3.460022,12.112473
24047,5.058426,-3.735199,12.658035
24056,4.249649,-4.0055847,12.545563
24067,2.720642,-4.4291077,11.839691
24076,2.096115,-4.4650116,11.736801
24087,1.7228394,-4.3860474,12.28714
24097,1.4907227,-4.5607147,12.789642
24107,0.78723145,-5.0488586,13.009781
24117,0.1483612,-5.6853485,12.284744
24127,-0.44984436,-5.93898,11.212769
24137,-0.6006012,-5.8672028,10.760529
24146,-0.44267273,-5.601593,10.310669
24157,-0.38523865,-5.613556,10.731812
24166,-0.59103394,-5.5345917,11.01416
24177,-0.72262573,-5.7308044,11.133804
24186,-0.35414124,-6.300308,10.758133
24197,0.49531555,-6.652054,10.15036
24207,1.5146637,-6.4127655,9.767502
24216,2.1439667,-5.927017,9.138184
24227,2.074585,-5.6805573,8.685944
24236,1.627121,-5.36232,7.7862396
24247,1.586441,-4.9818573,7.3244324
24256,1.935791,-4.709076,7.2023926
24267,2.589035,-4.3358,7.1856537
24276,3.3020935,-4.3740845,7.0037994
24286,3.4145508,-4.3046875,6.8195496
24297,3.2303162,-4.153946,6.649658
24306,2.7972107,-3.981659,6.2811584
24317,2.4215393,-3.562912,6.1280212
24327,2.1990051,-3.1489563,6.2979126
24336,2.1463623,-2.9001007,6.652054
24347,2.120041,-2.7158508,7.0085754
24356,2.0554352,-2.720642,7.470398
24366,1.8831482,-2.6129608,7.676178
24377,2.2181396,-3.9314117,5.3479614
24387,3.3619232,-1.6127625,5.883957
24396,3.596405,-1.5649109,5.264206
24407,2.3617096,-1.2514496,5.1134644
24416,1.380661,-1.4907227,5.974884
24427,2.7397766,-2.5698853,8.762512
24436,5.7595215,-3.156128,11.011765
24448,3.5150604,-2.5842438,7.8771667
24456,3.5940247,-1.6869354,9.142975
24468,3.1944122,-1.3088684,8.853439
24478,3.7782745,-0.6077728,8.190628
24487,4.3836517,-0.5790558,7.7312164
24496,4.2807617,-0.550354,7.314865
24506,3.723236,-0.14596558,7.001404
24517,3.122635,0.088531494,6.7740784
24526,1.2155609,0.6795654,8.410767
24537,0.3254242,0.58384705,9.930222
24546,0.54556274,0.6149597,8.913269
24556,-0.14596558,0.6149597,13.854446
24568,-0.00239563,-0.007171631,12.08136
24576,0.64845276,-0.5623169,10.341782
24587,1.5337982,-0.9379883,10.284348
24596,1.6845398,-0.8231354,10.9328
24607,1.174881,-0.5120697,11.564514
24618,0.35653687,0.19381714,11.272583
24627,0.5001068,0.8925171,10.33699
24636,1.3471527,1.0600128,9.571289
24647,2.5531464,1.3088684,8.341385
24656,3.1011047,1.7682953,7.4201508
24668,3.5150604,2.210968,6.2189484
24678,3.5030975,2.3736877,5.8121643
24686,3.0317078,2.5627136,5.9150543
24697,1.8999023,2.967102,6.520447
24707,0.5766754,3.5605164,7.7120667
24716,-0.36131287,3.661026,8.530411
24727,-1.3375854,4.503296,8.300705
24736,-0.28953552,4.5296173,7.8556366
24749,0.79681396,4.331009,7.613968
24756,1.1078796,4.1850433,7.4943237
24767,0.94277954,3.9314117,7.525421
24776,0.8231354,3.2087708,6.9511566
24787,0.29670715,3.878769,6.8195496
24796,-0.16989136,4.5296173,7.075577
24806,-0.62931824,4.7688904,7.5182495
24817,-0.38763428,4.5679016,8.197815
24826,-0.086135864,4.2113647,8.906082
24837,-0.119644165,3.866806,9.430115
24846,-0.18424988,3.7208405,9.74118
24856,-0.279953,3.7830505,9.690933
24866,-0.41874695,3.929016,9.43251
24877,-0.8279114,4.0701904,9.769897
24886,-1.0384827,4.2592316,9.891922
24897,-1.174881,4.3980103,9.554535
24906,-1.2179413,4.450653,8.901306
24917,-1.2394867,4.598999,8.563919
24926,-1.3615112,4.6660004,8.224136
24938,-0.9762726,4.4985046,7.7766724
24948,-0.44506836,4.1563263,7.613968
24956,-0.28474426,3.7615204,7.996811
24967,-0.18185425,3.5724792,8.583054
24977,0.055038452,3.4552307,9.016159
24987,-0.105285645,3.4432678,9.126221
24996,-0.6269226,3.4839478,9.054443
25007,-0.98106384,3.7088776,8.793625
25017,-0.9667053,3.8524475,8.599808
25027,-0.8422699,3.8883362,8.571091
25037,-0.65802,3.7567291,8.681168
25046,-0.54556274,3.6801605,8.839081
25058,-0.41156006,3.665802,8.891724
25066,-0.3134613,3.5940247,8.987442
25076,-0.25842285,3.4528503,9.119049
25092,-0.39482117,3.448059,9.207581
25097,-0.44984436,3.4911346,9.178864
25107,-0.5001068,3.5581207,9.121445
25116,-0.59820557,3.5270233,9.030518
25127,-0.653244,3.5102692,9.061615
25137,-0.6077728,3.6227264,9.001801
25147,-0.7130585,3.739975,8.841476
25157,-0.77049255,3.7328033,8.709869
25167,-0.7513428,3.7208405,8.4179535
25177,-0.73698425,3.728012,8.360519
25186,-0.7154541,3.694519,8.444275
25198,-0.8422699,3.5772705,8.786438
25207,-0.830307,3.5437775,8.901306
25216,-0.825531,3.517456,8.970688
25227,-0.8159485,3.5317993,8.956329
25236,-0.77049255,3.562912,8.944366
25249,-0.6891327,3.550949,8.949158
25256,-0.7034912,3.5892334,9.025726
25267,-0.7896271,3.6347046,9.121445
25277,-0.87338257,3.661026,9.138184
25286,-1.002594,3.6442719,9.166901
25297,-0.9714813,3.5988007,9.257828
25309,-0.83270264,3.460022,9.96611
25316,-0.4665985,3.4624176,9.358322
25326,-0.51924133,3.2566376,8.391632
25336,-0.7346039,3.5892334,8.001602
25347,-1.0959167,4.043869,8.3485565
25356,-1.1964111,4.003189,8.602203
25366,-1.134201,3.826126,8.997009
25377,-1.071991,3.7495575,9.355942
25386,-0.92362976,3.7112732,9.57608
25396,-0.73220825,3.4767761,9.554535
25407,-0.61735535,3.2326965,9.449265
25416,-0.61735535,3.2326965,9.449265
25426,-0.61735535,3.2326965,9.449265
25436,-0.61735535,3.2326965,9.449265
25447,-0.61735535,3.2326965,9.449265
25456,-0.61735535,3.2326965,9.449265
25466,-0.61735535,3.2326965,9.449265
25477,-0.61735535,3.2326965,9.449265
